<?xml version="1.0" encoding="UTF-8"?>
<list>
	<file pattern="ReturnOfTheQueenAnt" isSafePackage="true">
		<node name="data" reader="UINT" />
		<for name="collection" size="#data" hidden="false">
			<node name="collection_ID" reader="UINT" />
			<node name="collection_name" reader="ASCF" />
			<node name="main_category" reader="UINT" />
			<node name="period" reader="UINT" />
			<node name="option_id" reader="UINT" />
			<node name="description" reader="CNTR" />
			<for name="description" size="#description">
				<node name="desc_name" reader="ASCF" />
				<node name="unk_4" reader="UINT" />
				<node name="desc_param=" reader="FLOAT" />
			</for>
			<node name="slots" reader="CNTR" />
			<for name="items" size="#slots">
				<node name="item_id" reader="UINT" />
				<node name="item_id2" reader="UINT" />
				<node name="item_count" reader="UINT" />
				<node name="enchant" reader="USHORT" />
				<node name="slot" reader="UCHAR" />
				<node name="bless" reader="UCHAR" />
				<node name="bless_cond" reader="UINT" />
			</for>
			<node name="unk3" reader="USHORT" />
			<node name="complete_item_type" reader="CNTR" />
			<for name="complete_item_type" size="#complete_item_type">
				<node name="complete_item_type_0" reader="USHORT" />
			</for>
			<node name="complete_skill_type" reader="CNTR" />
			<for name="complete_skill_type" size="#complete_skill_type">
				<node name="complete_skill_type_0" reader="USHORT" />
			</for>
		</for>
	</file>
	<file pattern="MasterClass2" isSafePackage="true">
		<node name="data" reader="UINT" />
		<for name="collection" size="#data" hidden="false">
			<node name="collection_ID" reader="UINT" />
			<node name="collection_name" reader="ASCF" />
			<node name="main_category" reader="UINT" />
			<node name="period" reader="UINT" />
			<node name="option_id" reader="UINT" />
			<node name="description" reader="CNTR" />
			<for name="description" size="#description">
				<node name="desc_name" reader="ASCF" />
				<node name="unk_4_diff_bool" reader="UINT" />
				<node name="desc_param=" reader="FLOAT" />
			</for>
			<node name="slots" reader="CNTR" />
			<for name="items" size="#slots">
				<node name="item_id" reader="UINT" />
				<node name="item_id2" reader="UINT" />
				<node name="item_count" reader="UINT" />
				<node name="enchant" reader="USHORT" />
				<node name="slot" reader="UCHAR" />
				<node name="bless" reader="UCHAR" />
				<node name="bless_cond" reader="UINT" />
			</for>
			<node name="is_event" reader="UBYTE" />
			<node name="unk5" reader="UBYTE" />
			<if name="event_check" param="#is_event" val="1">
				<node name="unk6" reader="UBYTE" />
				<node name="unk7" reader="UBYTE" />
				<node name="unk8" reader="UBYTE" />
				<node name="unk9" reader="UBYTE" />
				<node name="unk10" reader="UBYTE" />
				<node name="unk11" reader="UBYTE" />
			</if>
			<node name="complete_item_type" reader="CNTR" />
			<for name="complete_item_type" size="#complete_item_type">
				<node name="complete_item_type_0" reader="USHORT" />
			</for>
			<node name="complete_skill_type" reader="CNTR" />
			<for name="complete_skill_type" size="#complete_skill_type">
				<node name="complete_skill_type_0" reader="USHORT" />
			</for>
			<if name="event_check" param="#is_event" val="1">
				<node name="start_time" reader="ASCF" />
				<node name="end_time" reader="ASCF" />
			</if>
		</for>
	</file>
	<file pattern="PathOfRogue" isSafePackage="true">
		<node name="unk_size" reader="UINT" />
		<for name="Unk" size="#unk_size" hidden="false">
			<node name="Unk1" reader="UINT" />
			<node name="Unk2" reader="UBYTE" />
		</for>
		<node name="data" reader="UINT" />
		<for name="collection" size="#data" hidden="false">
			<node name="collection_ID" reader="UINT" />
			<node name="collection_name" reader="ASCF" />
			<node name="main_category" reader="UINT" />
			<node name="period" reader="UINT" />
			<node name="option_id" reader="UINT" />
			<node name="description" reader="CNTR" />
			<for name="description" size="#description">
				<node name="desc_name" reader="ASCF" />
				<node name="unk_4_diff_bool" reader="UINT" />
				<node name="desc_param=" reader="FLOAT" />
			</for>
			<node name="slots" reader="CNTR" />
			<for name="items" size="#slots">
				<node name="item_id" reader="UINT" />
				<node name="item_id2" reader="UINT" />
				<node name="item_count" reader="UINT" />
				<node name="enchant" reader="USHORT" />
				<node name="slot" reader="UCHAR" />
				<node name="representative" reader="UINT" />
				<node name="bless_cond" reader="UCHAR" />
			</for>
			<node name="RewardItems" reader="CNTR" />
			<for name="RewardItems">
				<node name="ItemID" reader="UINT" />
				<node name="ItemCount" reader="UINT" />
			</for>
			<node name="RewardSkills" reader="CNTR" />
			<for name="RewardSkills">
				<node name="SkillID" reader="UINT" />
				<node name="SkillLevel" reader="UINT" />
			</for>
			<wrapper name="date">
				<node name="start" reader="ASCF" />
				<node name="end" reader="ASCF" />
			</wrapper>
		</for>
	</file>
	<file pattern="Superion" isSafePackage="true">
		<node name="unk_size" reader="UINT" />
		<for name="Unk" size="#unk_size" hidden="false">
			<node name="Unk1" reader="UINT" />
			<node name="Unk2" reader="UBYTE" />
		</for>
		<node name="data" reader="UINT" />
		<for name="collection" size="#data" hidden="false">
			<node name="collection_ID" reader="UINT" />
			<node name="collection_name" reader="ASCF" />
			<node name="main_category" reader="UINT" />
			<node name="period" reader="UINT" />
			<node name="option_id" reader="UINT" />
			<node name="description" reader="CNTR" />
			<for name="description" size="#description">
				<node name="desc_name" reader="ASCF" />
				<node name="Unk3" reader="UINT" />
				<node name="desc_param=" reader="FLOAT" />
			</for>
			<node name="slots" reader="CNTR" />
			<for name="items" size="#slots">
				<node name="item_id" reader="UINT" />
				<node name="item_id2" reader="UINT" />
				<node name="item_count" reader="UINT" />
				<node name="enchant" reader="USHORT" />
				<node name="slot" reader="UCHAR" />
				<node name="representative" reader="UINT" />
				<node name="bless_cond" reader="UCHAR" />
			</for>
			<node name="RewardItems" reader="CNTR" />
			<for name="RewardItems">
				<node name="ItemID" reader="UINT" />
				<node name="ItemCount" reader="UINT" />
			</for>
			<node name="RewardSkills" reader="CNTR" />
			<for name="RewardSkills">
				<node name="SkillID" reader="UINT" />
				<node name="SkillLevel" reader="UINT" />
			</for>
			<wrapper name="date">
				<node name="start" reader="ASCF" />
				<node name="end" reader="ASCF" />
			</wrapper>
			<node name="Unk4" reader="UCHAR" />
		</for>
	</file>
</list>
