<?xml version="1.0" encoding="UTF-8"?>
<list>
	<file pattern="MasterClass3" isRaw="false" isSafePackage="true">
		<node name="data" reader="UINT" />
		<for name="slot_fee_data" size="#data" hidden="false">
			<write name="\r\n" />
			<node name="dyeSlotId" reader="UBYTE" />
			<node name="dyePotentialMinLevel" reader="UCHAR" />
			<node name="dyePotentialMaxLevel" reader="UCHAR" />
			<node name="unkSize" reader="CNTR" />
			<write name="\r\n" />
			<for name="unkValues" size="#unkSize" hidden="false">
				<write name="\r\n\t" />
				<node name="optionId" reader="UBYTE" />
				<node name="maxDailyStep" reader="UBYTE" />
				<write name="\r\n" />
				<node name="availableOptions_size" reader="CNTR" />
				<for name="availableOptions" size="#availableOptions_size" hidden="false">
					<node name="rollNumber" reader="UBYTE" />
					<node name="chance" reader="FLOAT" />
				</for>
				<node name="feeItem_size" reader="CNTR" />
				<for name="availableOptions" size="#feeItem_size" hidden="false">
					<node name="itemId" reader="UINT" />
					<node name="itemCount" reader="UINT" />
				</for>
			</for>
		</for>
	</file>
	<file pattern="Superion" isSafePackage="true">
		<node name="data" reader="UINT" />
		<for name="slot_fee_data" size="#data" hidden="false">
			<node name="dye_slot" reader="UBYTE" />
			<wrapper name="dye_level">
				<node name="dye_min_level" reader="UCHAR" />
				<node name="dye_max_level" reader="UCHAR" />
			</wrapper>
			<node name="slot_fee" reader="CNTR" />
			<for name="slot_fee" size="#slot_fee">
				<node name="step" reader="UBYTE" />
				<node name="max_daily_count" reader="UBYTE" />
				<node name="exp_count" reader="CNTR" />
				<for name="exp_count" size="#exp_count">
					<node name="exp" reader="UBYTE" />
					<node name="chance" reader="FLOAT" />
				</for>
				<node name="fee_items" reader="CNTR" />
				<for name="fee_items" size="#fee_items">
					<node name="itemId" reader="UINT" />
					<node name="itemCount" reader="UINT" />
				</for>
				<node name="commission" reader="UINT" />
				<node name="unk1" reader="UCHAR" />
				<for name="unk1" size="#unk1">
					<node name="unk2" reader="UINT" />
				</for>
			</for>
		</for>
	</file>
</list>