<?xml version="1.0" encoding="UTF-8"?>
<list>
	<file pattern="Lindvior" isSafePackage="true">
		<for name="HairEx" size="17" hidden="false">
			<write name="\r\n" />
			<node name="data" reader="UINT" />
			<for name="SubHairEx" size="#data" hidden="false">
				<node name="class_name" reader="UINT" />
				<node name="id" reader="UINT" />
				<node name="Mesh_price_adena" reader="UINT" />
				<node name="Reset_price_adena" reader="UINT" />
				<node name="is_event" reader="UINT" />
				<node name="limit" reader="UINT" />
				<node name="Mesh_price_item" reader="UINT" />
				<node name="is_new" reader="UINT" />
				<node name="enable" reader="UINT" />
				<node name="sorting_order" reader="UINT" />
				<node name="hair_mesh" reader="UNICODE" />
				<node name="icon_name" reader="UNICODE" />
				<node name="hair_texture_basemap" reader="UINT" />
				<for name="hair_texture_basemap" size="#hair_texture_basemap">
					<node name="param_hair_texture_basemap" reader="UNICODE" />
				</for>
				<node name="hair_texture_keymap" reader="UINT" />
				<for name="hair_texture_keymap" size="#hair_texture_keymap">
					<node name="param_hair_texture_keymap" reader="UNICODE" />
				</for>
				<node name="Use_dynamic_color" reader="UINT" />
				<node name="beard_mesh" reader="UNICODE" />
				<node name="beard_texture" reader="UNICODE" />
			</for>
		</for>
	</file>
	<file pattern="Valiance" isSafePackage="true">
		<for name="HairEx" size="17" hidden="false">
			<write name="\r\n" />
			<node name="data" reader="UINT" />
			<for name="SubHairEx" size="#data" hidden="false">
				<node name="class_name" reader="UINT" />
				<node name="id" reader="UINT" />
				<node name="is_event" reader="UINT" />
				<node name="enable" reader="UINT" />
				<node name="is_new" reader="UINT" />
				<node name="sorting_order" reader="UINT" />
				<node name="hair_mesh" reader="UNICODE" />
				<node name="icon_name" reader="UNICODE" />
				<node name="hair_texture_basemap" reader="UINT" />
				<for name="hair_texture_basemap" size="#hair_texture_basemap">
					<node name="param_hair_texture_basemap" reader="UNICODE" />
				</for>
				<node name="hair_texture_keymap" reader="UINT" />
				<for name="hair_texture_keymap" size="#hair_texture_keymap">
					<node name="param_hair_texture_keymap" reader="UNICODE" />
				</for>
				<node name="Use_dynamic_color" reader="UINT" />
				<node name="beard_mesh" reader="UNICODE" />
				<node name="beard_texture" reader="UNICODE" />
			</for>
		</for>
	</file>
	<file pattern="Ertheia" isSafePackage="true">
		<for name="HairEx" size="19" hidden="false">
			<write name="\r\n" />
			<node name="data" reader="UINT" />
			<for name="SubHairEx" size="#data" hidden="false">
				<node name="class_name" reader="UINT" />
				<node name="id" reader="UINT" />
				<node name="is_event" reader="UINT" />
				<node name="enable" reader="UINT" />
				<node name="is_new" reader="UINT" />
				<node name="sorting_order" reader="UINT" />
				<node name="hair_mesh" reader="UNICODE" />
				<node name="icon_name" reader="UNICODE" />
				<node name="hair_texture_basemap" reader="UINT" />
				<for name="hair_texture_basemap" size="#hair_texture_basemap">
					<node name="param_hair_texture_basemap" reader="UNICODE" />
				</for>
				<node name="hair_texture_keymap" reader="UINT" />
				<for name="hair_texture_keymap" size="#hair_texture_keymap">
					<node name="param_hair_texture_keymap" reader="UNICODE" />
				</for>
				<node name="Use_dynamic_color" reader="UINT" />
				<node name="beard_mesh" reader="UNICODE" />
				<node name="beard_texture" reader="UNICODE" />
			</for>
		</for>
	</file>
	<file pattern="Helios" isSafePackage="true">
		<for name="HairEx" size="19" hidden="false">
			<write name="\r\n" />
			<node name="data" reader="UINT" />
			<for name="SubHairEx" size="#data" hidden="false">
				<node name="class_name" reader="UINT" />
				<node name="id" reader="UINT" />
				<node name="is_event" reader="UINT" />
				<node name="enable" reader="UINT" />
				<node name="is_new" reader="UINT" />
				<node name="sorting_order" reader="UINT" />
				<node name="hair_mesh" reader="MAP_INT" />
				<node name="icon_name" reader="MAP_INT" />
				<node name="hair_texture_basemap" reader="UINT" />
				<for name="hair_texture_basemap" size="#hair_texture_basemap">
					<node name="param_hair_texture_basemap" reader="MAP_INT" />
				</for>
				<node name="hair_texture_keymap" reader="UINT" />
				<for name="hair_texture_keymap" size="#hair_texture_keymap">
					<node name="param_hair_texture_keymap" reader="MAP_INT" />
				</for>
				<node name="Use_dynamic_color" reader="UINT" />
				<node name="beard_mesh" reader="MAP_INT" />
				<node name="beard_texture" reader="MAP_INT" />
			</for>
		</for>
	</file>
	<file pattern="MasterClass" isSafePackage="true">
		<for name="HairEx" size="21" hidden="false">
			<write name="\r\n" />
			<node name="data" reader="UINT" />
			<for name="SubHairEx" size="#data" hidden="false">
				<node name="class_name" reader="UINT" />
				<node name="id" reader="UINT" />
				<node name="is_event" reader="UINT" />
				<node name="enable" reader="UINT" />
				<node name="is_new" reader="UINT" />
				<node name="sorting_order" reader="UINT" />
				<node name="hair_mesh" reader="MAP_INT" />
				<node name="icon_name" reader="MAP_INT" />
				<node name="hair_texture_basemap" reader="UINT" />
				<for name="hair_texture_basemap" size="#hair_texture_basemap">
					<node name="param_hair_texture_basemap" reader="MAP_INT" />
				</for>
				<node name="hair_texture_keymap" reader="UINT" />
				<for name="hair_texture_keymap" size="#hair_texture_keymap">
					<node name="param_hair_texture_keymap" reader="MAP_INT" />
				</for>
				<node name="Use_dynamic_color" reader="UINT" />
				<node name="beard_mesh" reader="MAP_INT" />
				<node name="beard_texture" reader="MAP_INT" />
			</for>
		</for>
	</file>
	<file pattern="PathOfRogue" isSafePackage="true">
		<for name="HairEx" size="23" hidden="false">
			<write name="\r\n" />
			<node name="data" reader="UINT" />
			<for name="SubHairEx" size="#data" hidden="false">
				<node name="class_name" reader="UINT" />
				<node name="id" reader="UINT" />
				<node name="is_event" reader="UINT" />
				<node name="enable" reader="UINT" />
				<node name="is_new" reader="UINT" />
				<node name="sorting_order" reader="UINT" />
				<node name="hair_mesh" reader="MAP_INT" />
				<node name="icon_name" reader="MAP_INT" />
				<node name="hair_texture_basemap" reader="UINT" />
				<for name="hair_texture_basemap" size="#hair_texture_basemap">
					<node name="param_hair_texture_basemap" reader="MAP_INT" />
				</for>
				<node name="hair_texture_keymap" reader="UINT" />
				<for name="hair_texture_keymap" size="#hair_texture_keymap">
					<node name="param_hair_texture_keymap" reader="MAP_INT" />
				</for>
				<node name="Use_dynamic_color" reader="UINT" />
				<node name="beard_mesh" reader="MAP_INT" />
				<node name="beard_texture" reader="MAP_INT" />
			</for>
		</for>
	</file>
</list>
