<?xml version="1.0" encoding="UTF-8"?>
<list>
	<file pattern="ReturnOfTheQueenAnt" isSafePackage="true">
		<node name="data" reader="UINT" />
		<for name="emblem" size="#data" hidden="false">
			<node name="pet_id" reader="UINT" />
			<node name="name" reader="ASCF" />
			<node name="race_emblem" reader="MAP_INT" />
		</for>
	</file>
	<file pattern="ShieldOfKingdom" isSafePackage="true">
		<node name="data" reader="UINT" />
		<for name="emblem" size="#data" hidden="false">
			<node name="pet_id" reader="UINT" />
			<node name="pet_type" reader="UINT" />
			<node name="name" reader="ASCF" />
			<node name="race_emblem" reader="MAP_INT" />
		</for>
	</file>
	<file pattern="Superion" isSafePackage="true">
		<node name="data" reader="UINT" />
		<for name="emblem" size="#data" hidden="false">
			<node name="pet_id" reader="UINT" />
			<node name="pet_type" reader="UINT" />
			<node name="unk" reader="UINT" />
			<node name="name" reader="ASCF" />
			<node name="race_emblem" reader="MAP_INT" />
			<node name="HUD_emblem_tex_name" reader="MAP_INT" />
		</for>
	</file>
</list>