<?xml version="1.0" encoding="UTF-8"?>
<list>
	<file pattern="ReturnOfTheQueenAnt" isSafePackage="true">
		<node name="data" reader="UINT" />
		<for name="product" size="#data" hidden="false">
			<node name="shop_index" reader="UCHAR" />
			<node name="product_id" reader="USHORT" />

			<node name="category" reader="UCHAR" />
			<node name="category_sub" reader="UINT" />
			<wrapper name="unk">
				<node name="unk_3" reader="UCHAR" />
				<node name="unk_4" reader="UCHAR" />
			</wrapper>

			<node name="product_name" reader="ASCF" />
			<node name="product_item" reader="UINT" />
			<node name="buy_item" reader="UCHAR" />
			<for name="buy_item" size="#buy_item">
				<node name="ItemClassID" reader="UINT" />
				<node name="Count" reader="UINT" />
				<node name="Prob" reader="FLOAT" />
				<node name="ProductRank" reader="UCHAR" />
			</for>
			<wrapper name="limit_lv">
				<node name="LevelMin" reader="SHORT" />
				<node name="LevelMax" reader="SHORT" />
			</wrapper>
			<wrapper name="buy_type">
				<node name="LimitType" reader="UCHAR" />
				<node name="ResetType" reader="UCHAR" />
				<node name="LimitCountMax" reader="UINT" />
				<node name="ServerCountMax" reader="UINT" />
			</wrapper>
		</for>
	</file>
	<file pattern="ReturnOfTheQueenAnt2" isSafePackage="true">
		<node name="data" reader="UINT" />
		<for name="product" size="#data" hidden="false">
			<node name="shop_index" reader="UCHAR" />
			<node name="product_id" reader="USHORT" />

			<node name="category" reader="UCHAR" />
			<node name="category_sub" reader="UINT" />
			<wrapper name="unk">
				<node name="unk_3" reader="UCHAR" />
				<node name="unk_4" reader="UCHAR" />
			</wrapper>

			<node name="product_name" reader="ASCF" />
			<node name="product_item" reader="UINT" />
			<node name="buy_item" reader="UCHAR" />
			<for name="buy_item" size="#buy_item">
				<node name="ItemClassID" reader="UINT" />
				<node name="Count" reader="UINT" />
				<node name="Prob" reader="FLOAT" />
				<node name="ProductRank" reader="UCHAR" />
				<node name="unk2" reader="UINT" />
			</for>
			<wrapper name="limit_lv">
				<node name="LevelMin" reader="SHORT" />
				<node name="LevelMax" reader="SHORT" />
			</wrapper>
			<wrapper name="buy_type">
				<node name="LimitType" reader="UCHAR" />
				<node name="ResetType" reader="UCHAR" />
				<node name="LimitCountMax" reader="UINT" />
				<node name="ServerCountMax" reader="UINT" />
			</wrapper>
			<node name="unk3" reader="UINT" />
		</for>
	</file>
	<file pattern="MasterClass" isSafePackage="true">
		<node name="data" reader="UINT" />
		<for name="product" size="#data" hidden="false">
			<node name="shop_index" reader="UCHAR" />
			<node name="product_id" reader="USHORT" />

			<node name="category" reader="UCHAR" />
			<node name="category_sub" reader="UINT" />
			<wrapper name="unk">
				<node name="unk_3" reader="UCHAR" />
				<node name="unk_4" reader="UCHAR" />
			</wrapper>

			<node name="product_name" reader="ASCF" />
			<node name="product_item" reader="UINT" />
			<node name="buy_item" reader="UCHAR" />
			<for name="buy_item" size="#buy_item">
				<node name="ItemClassID" reader="UINT" />
				<node name="Count" reader="UINT" />
				<node name="Prob" reader="FLOAT" />
				<node name="ProductRank" reader="UCHAR" />
				<node name="unk2" reader="UINT" />
			</for>
			<wrapper name="limit_lv">
				<node name="LevelMin" reader="SHORT" />
				<node name="LevelMax" reader="SHORT" />
			</wrapper>
			<wrapper name="buy_type">
				<node name="LimitType" reader="UCHAR" />
				<node name="ResetType" reader="UCHAR" />
				<node name="LimitCountMax" reader="UINT" />
				<node name="ServerCountMax" reader="UINT" />
			</wrapper>
			<node name="unk3" reader="UINT" />
			<node name="unk4" reader="UCHAR" />
			<for name="unk4" size="#unk4">
				<node name="unk5" reader="UINT" />
			</for>
		</for>
	</file>
	<file pattern="MasterClass2" isSafePackage="true">
		<node name="data" reader="UINT" />
		<for name="product" size="#data" hidden="false">
			<node name="shop_index" reader="UCHAR" />
			<node name="product_id" reader="USHORT" />

			<node name="category" reader="UCHAR" />
			<node name="category_sub" reader="UINT" />
			<wrapper name="unk">
				<node name="unk_3" reader="UCHAR" />
				<node name="unk_4" reader="UCHAR" />
			</wrapper>

			<node name="product_name" reader="ASCF" />
			<node name="product_item" reader="UINT" />
			<node name="buy_item" reader="UCHAR" />
			<for name="buy_item" size="#buy_item">
				<node name="ItemClassID" reader="UINT" />
				<node name="Count" reader="UINT" />
				<node name="Prob" reader="FLOAT" />
				<node name="ProductRank" reader="UCHAR" />
				<node name="unk_5" reader="UINT" />
			</for>
			<wrapper name="limit_lv">
				<node name="LevelMin" reader="SHORT" />
				<node name="LevelMax" reader="SHORT" />
				<node name="unk_6" reader="SHORT" />
				<node name="unk_7" reader="SHORT" />
			</wrapper>
			<wrapper name="buy_type">
				<node name="LimitType" reader="UCHAR" />
				<node name="ResetType" reader="UCHAR" />
				<node name="LimitCountMax" reader="UINT" />
				<node name="ServerCountMax" reader="UINT" />
			</wrapper>
			<node name="unk_8" reader="UCHAR" />
			<for name="unk_8" size="#unk_8">
				<node name="unk_9" reader="SHORT" />
				<node name="unk_10" reader="SHORT" />
			</for>
		</for>
	</file>
	<file pattern="MasterClass3" isSafePackage="true">
		<node name="data" reader="UINT" />
		<for name="product" size="#data" hidden="false">
			<node name="shop_index" reader="UCHAR" />
			<node name="product_id" reader="USHORT" />

			<node name="category" reader="UCHAR" />
			<node name="category_sub" reader="UINT" />
			<wrapper name="unk">
				<node name="unk_3" reader="UCHAR" />
				<node name="unk_4" reader="UCHAR" />
			</wrapper>

			<node name="product_name" reader="ASCF" />
			<node name="product_item" reader="UINT" />
			<node name="unk_5" reader="UINT" />
			<node name="buy_item" reader="UCHAR" />
			<for name="buy_item" size="#buy_item">
				<node name="ItemClassID" reader="UINT" />
				<node name="Count" reader="UINT" />
				<node name="Prob" reader="FLOAT" />
				<node name="unk_6" reader="UINT" />
				<node name="ProductRank" reader="UCHAR" />
				<node name="unk_7" reader="FLOAT" />
			</for>
			<wrapper name="limit_lv">
				<node name="LevelMin" reader="SHORT" />
				<node name="LevelMax" reader="SHORT" />
				<node name="unk_8" reader="SHORT" />
				<node name="unk_9" reader="SHORT" />
			</wrapper>
			<wrapper name="buy_type">
				<node name="LimitType" reader="UCHAR" />
				<node name="ResetType" reader="UCHAR" />
				<node name="LimitCountMax" reader="UINT" />
				<node name="ServerCountMax" reader="UINT" />
			</wrapper>
			<node name="unk_10" reader="UCHAR" />
			<for name="unk_10" size="#unk_10">
				<node name="unk_11" reader="SHORT" />
				<node name="unk_12" reader="SHORT" />
			</for>
			<node name="unk_13" reader="CNTR" />
			<node name="unk_14" reader="UCHAR" />
			<for name="unk_15" size="#unk_13">
				<node name="unk_16" reader="UCHAR" />
				<node name="unk_17" reader="UCHAR" />
				<node name="unk_18" reader="UCHAR" />
				<node name="item_count" reader="UINT" />
				<node name="chance" reader="FLOAT" />
				<node name="unk_19" reader="UINT" />
				<node name="product_rank" reader="UCHAR" />
				<node name="unk_20" reader="FLOAT" />
				<node name="unk_21" reader="UCHAR" />
			</for>
		</for>
	</file>
	<file pattern="AgeOfMagic" isSafePackage="true">
		<node name="data" reader="UINT" />
		<for name="product" size="#data" hidden="false">
			<node name="shop_index" reader="UCHAR" />
			<node name="product_id" reader="USHORT" />

			<node name="category" reader="UCHAR" />
			<node name="category_sub" reader="UINT" />
			<wrapper name="unk">
				<node name="mark_type" reader="UBYTE" />
				<node name="max_buy_count" reader="UCHAR" />
			</wrapper>

			<node name="product_name" reader="ASCF" />
			<node name="product_item" reader="UINT" />
			<node name="product_enchant" reader="UINT" />
			<node name="buy_item" reader="UCHAR" />
			<for name="buy_item" size="#buy_item">
				<node name="ItemClassID" reader="UINT" />
				<node name="Count" reader="UINT" />
				<node name="Prob" reader="FLOAT" />
				<node name="Enchant" reader="UINT" />
				<node name="ProductRank" reader="UINT" />
				<node name="IsLimitServer" reader="UBYTE" />
			</for>
			<wrapper name="limit_lv">
				<node name="LevelMin" reader="SHORT" />
				<node name="LevelMax" reader="SHORT" />
			</wrapper>
			<wrapper name="buy_type">
				<node name="LimitType" reader="UCHAR" />
				<node name="ResetType" reader="UCHAR" />
				<node name="LimitCountMax" reader="UINT" />
				<node name="ServerCountMax" reader="UINT" />
			</wrapper>
			<node name="LimitServerBuyCountMax" reader="UINT" />
			<node name="RequirementBuySkills" reader="UBYTE" />
			<for name="RequirementBuySkills">
				<node name="skill_id" reader="UINT" />
			</for>
			<node name="KeepOptionFee" reader="UBYTE" />
			<for name="KeepOptionFee">
				<node name="KeepItemClassID" reader="UINT" />
				<node name="KeepCount" reader="UINT" />
				<node name="KeepProb" reader="FLOAT" />
				<node name="KeepEnchant" reader="UINT" />
				<node name="KeepProductRank" reader="UINT" />
				<node name="KeepIsLimitServer" reader="UBYTE" />
			</for>
			<node name="KeepOption" reader="UBYTE" />
			<node name="automatic_type" reader="UBYTE" />
		</for>
	</file>
	<file pattern="Shinemaker" isSafePackage="true">
		<node name="data" reader="UINT" />
		<for name="product" size="#data" hidden="false">
			<node name="shop_index" reader="UCHAR" />
			<node name="product_id" reader="USHORT" />

			<node name="category" reader="UCHAR" />
			<node name="category_sub" reader="UINT" />
			<wrapper name="unk">
				<node name="mark_type" reader="UBYTE" />
				<node name="max_buy_count" reader="UCHAR" />
			</wrapper>

			<node name="product_name" reader="ASCF" />
			<node name="product_item" reader="UINT" />
			<node name="product_enchant" reader="UINT" />
			<node name="buy_item" reader="UCHAR" />
			<for name="buy_item" size="#buy_item">
				<node name="ItemClassID" reader="UINT" />
				<node name="Count" reader="UINT" />
				<node name="Prob" reader="FLOAT" />
				<node name="Enchant" reader="UINT" />
				<node name="ProductRank" reader="UINT" />
				<node name="IsLimitServer" reader="UBYTE" />
			</for>
			<wrapper name="limit_lv">
				<node name="LevelMin" reader="SHORT" />
				<node name="LevelMax" reader="SHORT" />
			</wrapper>
			<wrapper name="buy_type">
				<node name="LimitType" reader="UCHAR" />
				<node name="ResetType" reader="UCHAR" />
			</wrapper>
			<node name="LimitServerBuyCountMax" reader="UINT" />
			<node name="RequirementBuySkills" reader="UBYTE" />
			<for name="RequirementBuySkills">
				<node name="skill_id" reader="UINT" />
			</for>
			<node name="KeepOptionFee" reader="UBYTE" />
			<for name="KeepOptionFee">
				<node name="KeepItemClassID" reader="UINT" />
				<node name="KeepCount" reader="UINT" />
				<node name="KeepProb" reader="FLOAT" />
				<node name="KeepEnchant" reader="UINT" />
				<node name="KeepProductRank" reader="UINT" />
				<node name="KeepIsLimitServer" reader="UBYTE" />
			</for>
			<node name="KeepOption" reader="UBYTE" />
			<node name="automatic_type" reader="UBYTE" />
		</for>
	</file>
	<file pattern="ShieldOfKingdom" isSafePackage="true">
		<node name="data" reader="UINT" />
		<for name="product" size="#data" hidden="false">
			<node name="shop_index" reader="UCHAR" />
			<node name="product_id" reader="UINT" />

			<node name="category" reader="UCHAR" />
			<node name="category_sub" reader="UINT" />
			<wrapper name="max_buy_qty">
				<node name="mark_type" reader="UBYTE" />
				<node name="max_buy_count" reader="UCHAR" />
			</wrapper>

			<node name="product_name" reader="ASCF" />
			<node name="product_item" reader="UINT" />
			<node name="product_enchant" reader="UINT" />
			<node name="buy_item" reader="UCHAR" />
			<for name="buy_item" size="#buy_item">
				<node name="ItemClassID" reader="UINT" />
				<node name="Count" reader="UINT" />
				<!-- <node name="Prob" reader="FLOAT" /> -->
				<node name="Enchant" reader="UINT" />
				<node name="ProductRank" reader="UINT" />
				<node name="IsLimitServer" reader="UBYTE" />
			</for>
			<wrapper name="limit_lv">
				<node name="LevelMin" reader="SHORT" />
				<node name="LevelMax" reader="SHORT" />
			</wrapper>
			<wrapper name="buy_type">
				<node name="LimitType" reader="UCHAR" />
				<node name="ResetType" reader="UCHAR" />
			</wrapper>
			<node name="LimitServerBuyCountMax" reader="UINT" />
			<node name="RequirementBuySkills" reader="UBYTE" />
			<for name="RequirementBuySkills">
				<node name="skill_id" reader="UINT" />
			</for>
			<node name="KeepOptionFee" reader="UBYTE" />
			<for name="KeepOptionFee">
				<node name="KeepItemClassID" reader="UINT" />
				<node name="KeepCount" reader="UINT" />
				<!-- <node name="KeepProb" reader="FLOAT" /> -->
				<node name="KeepEnchant" reader="UINT" />
				<node name="KeepProductRank" reader="UINT" />
				<node name="KeepIsLimitServer" reader="UBYTE" />
			</for>
			<node name="KeepOption" reader="UBYTE" />
			<node name="automatic_type" reader="UBYTE" />
		</for>
	</file>
</list>
