<?xml version="1.0" encoding="UTF-8"?>
<list>
	<file pattern="AgeOfMagic" isSafePackage="true">
		<node name="data" reader="UINT" />
		<for name="Ranking_inzonedata" size="#data" hidden="false">
			<node name="ranking_id" reader="UINT" />
			<node name="inzone_id" reader="UINT" />
			<node name="enter_type" reader="UCHAR" />
			<node name="check_type" reader="UCHAR" />
			<node name="reward_type" reader="UCHAR" />
			<node name="reward_view_size" reader="CNTR" />
			<for name="reward_view" size="#reward_view_size">
				<node name="reward_view1" reader="UINT" />
				<node name="reward_view2" reader="UINT" />
				<node name="reward_view3_size" reader="CNTR" />
				<for name="reward_view3" size="#reward_view3_size">
					<node name="reward_view3" reader="UINT" />
				</for>
				<node name="reward_view4_size" reader="CNTR" />
				<for name="reward_view4" size="#reward_view4_size">
					<node name="reward_view4" reader="UINT" />
				</for>
			</for>
		</for>
	</file>
</list>
