<?xml version="1.0" encoding="UTF-8"?>
<list>
	<file pattern="Shinemaker" isSafePackage="true">
		<node name="data" reader="INT" />
		<for name="relics_main" size="#data" hidden="false">
			<node name="relics_id" reader="UBYTE" />
			<node name="grade" reader="UBYTE" />
			<node name="type" reader="UBYTE" />
			<node name="fail_item" reader="UINT" />
			<node name="upgrade_prob" reader="UINT" />
			<node name="cost_item" reader="CNTR" />
			<for name="cost_item" size="#cost_item">
				<node name="item" reader="UINT" />
				<node name="count" reader="UINT" />
			</for>
			<node name="combination_prob" reader="CNTR" />
			<for name="combination_prob" size="#combination_prob">
				<node name="level_1" reader="USHORT" />
				<node name="level_2" reader="USHORT" />
			</for>
			<node name="additional_prob" reader="CNTR" />
			<for name="additional_prob" size="#additional_prob">
				<node name="level" reader="UBYTE" />
			</for>
		</for>
	</file>
	<file pattern="ShieldOfKingdom" isSafePackage="true">
		<node name="data" reader="INT" />
		<for name="relics_play" size="#data" hidden="false">
			<node name="relics_id" reader="UBYTE" />
			<node name="grade" reader="UBYTE" />
			<node name="type" reader="UBYTE" />
			<node name="unk_1" reader="CNTR" />
			<for name="unk_1" size="#unk_1">
				<node name="unk_2" reader="UBYTE" />
				<node name="unk_3" reader="UBYTE" />
			</for>
			<node name="fail_item" reader="UINT" />
			<node name="unk_4" reader="USHORT" />
			<node name="cost_item" reader="CNTR" />
			<for name="cost_item" size="#cost_item">
				<node name="item" reader="UINT" />
				<node name="count" reader="UINT" />
			</for>
			<node name="unk_5" reader="UBYTE" />
		</for>
	</file>
	<file pattern="ShieldOfKingdom_Vulcan" isSafePackage="true">
		<node name="data" reader="INT" />
		<for name="relics_play" size="#data" hidden="false">
			<node name="relics_id" reader="UBYTE" />
			<node name="grade" reader="UBYTE" />
			<node name="type" reader="UBYTE" />
			<node name="unk1" reader="UBYTE" />
			<node name="item_id" reader="UINT" />
			<node name="unk_7" reader="USHORT" />
			<node name="item_cost" reader="CNTR" />
			<for name="item_cost" size="#item_cost">
				<node name="item" reader="UINT" />
				<node name="count" reader="UINT" />
			</for>
			<node name="unk_8" reader="ASCF" />
		</for>
	</file>
	<file pattern="Superion" isSafePackage="true">
		<node name="data" reader="INT" />
		<for name="relics_play_data" size="#data" hidden="false">
			<node name="relics_id" reader="UBYTE" />
			<node name="grade" reader="UBYTE" />
			<wrapper name="fail_item">
				<node name="id" reader="UINT" />
				<node name="count" reader="UINT" />
			</wrapper>
			<node name="cost_item" reader="CNTR" />
			<for name="cost_item" size="#cost_item">
				<node name="cost_id" reader="UINT" />
				<node name="cost_count" reader="UINT" />
			</for>
			<node name="upgrade_probs" reader="CNTR" />
			<for name="upgrade_probs" size="#upgrade_probs">
				<node name="prob" reader="UBYTE" />
			</for>
		</for>
	</file>
</list>