<?xml version="1.0" encoding="UTF-8"?>
<list>
	<file pattern="Shinemaker" isSafePackage="true">
		<node name="data" reader="INT" />
		<for name="relics_collection" size="#data" hidden="false">
			<node name="relics_collection_id" reader="USHORT" />
			<node name="category" reader="UBYTE" />
			<node name="relics_collection_name" reader="ASCF" />
			<node name="option_id" reader="UINT" />
			<node name="option_filter" reader="CNTR" />
			<for name="option_filter" size="#option_filter">
				<node name="desc" reader="MAP_INT" />
				<node name="value" reader="UINT" />
				<node name="stat_type" reader="UBYTE" />
			</for>
			<node name="need_relics" reader="CNTR" />
			<for name="need_relics" size="#need_relics">
				<node name="relic_id" reader="USHORT" />
				<node name="relic_enchant" reader="UBYTE" />
			</for>
		</for>
	</file>
	<file pattern="Superion" isSafePackage="true">
		<node name="data" reader="INT" />
		<for name="relics_collection" size="#data" hidden="false">
			<node name="relics_collection_id" reader="USHORT" />
			<node name="category" reader="UBYTE" />
			<node name="relics_collection_name" reader="ASCF" />
			<node name="option_id" reader="UINT" />
			<node name="unk" reader="UINT" />
			<node name="option_filter" reader="CNTR" />
			<for name="option_filter" size="#option_filter">
				<node name="desc" reader="MAP_INT" />
				<node name="value" reader="FLOAT" />
				<node name="stat_type" reader="UBYTE" enum_name="relic_collection_stat_mode" />
			</for>
			<node name="need_relics" reader="CNTR" />
			<for name="need_relics" size="#need_relics">
				<node name="relic_id" reader="USHORT" />
				<node name="relic_enchant" reader="UBYTE" />
			</for>
		</for>
	</file>
</list>