<?xml version="1.0" encoding="UTF-8"?>
<list>
	<file pattern="PreludeOfWar2" isSafePackage="true">
		<node name="data" reader="UINT" />
		<for name="field_info" size="#data" hidden="false">
			<node name="field_id" reader="UINT" />
			<node name="name" reader="ASCF" />
			<node name="desc" reader="ASCF" />
			<node name="refill_item_list" reader="UCHAR" />
			<for name="refill_item_list" size="#refill_item_list">
				<node name="itemId" reader="UINT" />
			</for>
		</for>
	</file>
	<file pattern="PreludeOfWar3" isSafePackage="true">
		<node name="data" reader="UINT" />
		<for name="field_info" size="#data" hidden="false">
			<node name="type" reader="ASCF" />
			<node name="field_id" reader="UINT" />
			<node name="name" reader="ASCF" />
			<node name="desc" reader="ASCF" />
			<node name="refill_item_list" reader="UCHAR" />
			<for name="refill_item_list" size="#refill_item_list">
				<node name="itemId" reader="UINT" />
			</for>
		</for>
	</file>
	<file pattern="MasterClass2" isSafePackage="true">
		<node name="data" reader="UINT" />
		<for name="field_info" size="#data" hidden="false">
			<node name="type" reader="ASCF" />
			<node name="field_id" reader="UINT" />
			<node name="name" reader="ASCF" />
			<node name="desc" reader="ASCF" />
			<node name="refill_item_list" reader="UCHAR" />
			<for name="refill_item_list" size="#refill_item_list">
				<node name="itemId" reader="UINT" />
			</for>
			<node name="aCategory" reader="UINT" />
			<node name="aPvpType" reader="ASCF" />
			<node name="aFieldImage" reader="ASCF" />
		</for>
	</file>
	<file pattern="MasterClass3" isSafePackage="true">
		<node name="data" reader="UINT" />
		<for name="field_info" size="#data" hidden="false">
			<node name="type" reader="UCHAR" />
			<node name="field_id" reader="UINT" />
			<node name="name" reader="ASCF" />
			<node name="desc" reader="ASCF" hidden="true" />
			<node name="refill_item_list_count" reader="CNTR" />
			<for name="refill_item_list" size="#refill_item_list_count" hidden="true">
				<node name="itemId" reader="UINT" />
			</for>
			<node name="fieldImage" reader="MAP_INT" />
			<node name="isWorld" reader="UBYTE" />
			<node name="isPvp" reader="UBYTE" />
			<node name="isEvent" reader="UBYTE" />
			<node name="fieldInfo" reader="ASCF" />
		</for>
		<node name="types" reader="UBYTE" />
		<for name="types" size="#types" hidden="false">
			<node name="zone_type" reader="ASCF" />
		</for>
	</file>
	<file pattern="PathOfRogue" isSafePackage="true">
		<node name="data" reader="UINT" />
		<for name="field_info" size="#data" hidden="false">
			<node name="type" reader="UCHAR" />
			<node name="field_id" reader="UINT" />
			<node name="name" reader="ASCF" />
			<node name="desc" reader="ASCF" hidden="true" />
			<node name="refill_item_list_count" reader="CNTR" />
			<for name="refill_item_list" size="#refill_item_list_count" hidden="true">
				<node name="itemId" reader="UINT" />
			</for>
			<node name="fieldImage" reader="MAP_INT" />
			<node name="isWorld" reader="UBYTE" />
			<node name="isPvp" reader="UBYTE" />
			<node name="isEvent" reader="UBYTE" />
			<node name="fieldInfo" reader="ASCF" />
			<node name="is_account_share" reader="UBYTE" />
		</for>
		<node name="types" reader="UBYTE" />
		<for name="types" size="#types" hidden="false">
			<node name="zone_type" reader="ASCF" />
		</for>
	</file>
</list>
