<?xml version="1.0" encoding="UTF-8"?>
<list>
	<file pattern="Fafurion" isSafePackage="true">
		<node name="data" reader="UINT" />
		<for name="upgradesystem" size="#data" hidden="false">
			<node name="upgrade_id" reader="UINT" />
			<node name="type" reader="UINT" />
			<wrapper name="upgrade_item">
				<node name="upgrade_item_id" reader="UINT" />
				<node name="upgrade_item_enchant" reader="UINT" />
			</wrapper>
			<node name="material_items" reader="CNTR" />
			<for name="material_items" size="#material_items">
				<node name="material_itemid" reader="UINT" />
				<node name="material_itemcount" reader="UINT" />
				<node name="material_itemench" reader="UINT" />
			</for>
			<node name="success_result_items" reader="CNTR" />
			<for name="success_result_items" size="#success_result_items">
				<node name="success_itemid" reader="UINT" />
				<node name="success_itemcount" reader="UINT" />
				<node name="success_itemench" reader="UINT" />
			</for>
			<node name="fail_result_items" reader="CNTR" />
			<for name="fail_result_items" size="#fail_result_items">
				<node name="fail_itemid" reader="UINT" />
				<node name="fail_itemcount" reader="UINT" />
				<node name="fail_itemench" reader="UINT" />
			</for>
			<node name="bonus_items" reader="CNTR" />
			<for name="bonus_items" size="#bonus_items">
				<node name="bonus_itemid" reader="UINT" />
				<node name="bonus_itemcount" reader="UINT" />
				<node name="bonus_itemench" reader="UINT" />
			</for>
			<node name="commission" reader="LONG" />
			<wrapper name="probability">
				<node name="probability_success" reader="UINT" />
				<node name="probability_fail" reader="UINT" />
				<node name="probability_bonus" reader="UINT" />
			</wrapper>
			<node name="applycountry" reader="CNTR" />
			<for name="applycountry" size="#applycountry">
				<node name="id" reader="UINT" enumName="localization_type" />
			</for>
		</for>
	</file>
	<file pattern="ShieldOfKingdom" isSafePackage="true">
		<node name="data" reader="UINT" />
		<for name="upgradesystem" size="#data" hidden="false">
			<node name="upgrade_id" reader="UINT" />
			<node name="type" reader="UINT" />
			<wrapper name="upgrade_item">
				<node name="upgrade_item_id" reader="UINT" />
				<node name="upgrade_item_enchant" reader="UINT" />
			</wrapper>
			<node name="material_items" reader="CNTR" />
			<for name="material_items" size="#material_items">
				<node name="material_itemid" reader="UINT" />
				<node name="material_itemcount" reader="UINT" />
				<node name="material_itemench" reader="UINT" />
			</for>
			<node name="success_result_items" reader="CNTR" />
			<for name="success_result_items" size="#success_result_items">
				<node name="success_itemid" reader="UINT" />
				<node name="success_itemcount" reader="UINT" />
				<node name="success_itemench" reader="UINT" />
			</for>
			<node name="fail_result_items" reader="CNTR" />
			<for name="fail_result_items" size="#fail_result_items">
				<node name="fail_itemid" reader="UINT" />
				<node name="fail_itemcount" reader="UINT" />
				<node name="fail_itemench" reader="UINT" />
			</for>
			<node name="bonus_items" reader="CNTR" />
			<for name="bonus_items" size="#bonus_items">
				<node name="bonus_itemid" reader="UINT" />
				<node name="bonus_itemcount" reader="UINT" />
				<node name="bonus_itemench" reader="UINT" />
			</for>
			<node name="commission" reader="LONG" />
			<!--
			<wrapper name="probability">
				<node name="probability_success" reader="UINT" />
				<node name="probability_fail" reader="UINT" />
				<node name="probability_bonus" reader="UINT" />
			</wrapper>
			-->
			<node name="applycountry" reader="CNTR" />
			<for name="applycountry" size="#applycountry">
				<node name="id" reader="UINT" enumName="localization_type" />
			</for>
		</for>
	</file>
</list>
