<?xml version="1.0" encoding="UTF-8"?>
<list>
	<file pattern="Interlude" isSafePackage="true">
		<node name="data" reader="UINT" />
		<for name="item" size="#data" hidden="false">
			<node name="tag" reader="UINT" />
			<node name="object_id" reader="UINT" />
			<node name="drop_type" reader="UINT" />
			<node name="drop_anim_type" reader="UINT" />
			<node name="drop_radius" reader="UINT" />
			<node name="drop_height" reader="UINT" />
			<node name="UNK_1" reader="UINT" />
			<wrapper name="drop_mesh">
				<node name="drop_mesh1" reader="UNICODE" />
				<node name="drop_mesh2" reader="UNICODE" />
				<node name="drop_mesh3" reader="UNICODE" />
			</wrapper>
			<wrapper name="drop_texture">
				<node name="drop_tex1" reader="UNICODE" />
				<node name="drop_tex2" reader="UNICODE" />
				<node name="drop_tex3" reader="UNICODE" />
			</wrapper>
			<wrapper name="icon">
				<node name="icon1" reader="UNICODE" />
				<node name="icon2" reader="UNICODE" />
				<node name="icon3" reader="UNICODE" />
				<node name="icon4" reader="UNICODE" />
				<node name="icon5" reader="UNICODE" />
			</wrapper>
			<node name="durability" reader="INT" />
			<node name="weight" reader="UINT" />
			<node name="material_type" reader="UINT" />
			<node name="crystallizable" reader="UINT" />
			<node name="property_params" reader="UINT" />
			<node name="body_part" reader="UINT" />
			<node name="handness" reader="UINT" />
			<wrapper name="wp_mesh">
				<node name="wp_mesh" reader="UINT" />
				<for name="mesh_0_" size="#wp_mesh">
					<node name="mesh0" reader="UNICODE" />
				</for>
			</wrapper>

			<node name="texture" reader="UINT" />
			<for name="texture" size="#texture">
				<node name="texture0" reader="UNICODE" />
			</for>
			<node name="item_sound" reader="UINT" />
			<for name="item_sound" size="#item_sound">
				<node name="item_sound0" reader="UNICODE" />
			</for>
			<node name="drop_sound" reader="UNICODE" />
			<node name="equip_sound" reader="UNICODE" />
			<node name="effect" reader="UNICODE" />
			<node name="random_damage" reader="UINT" />
			<node name="patt" reader="UINT" />
			<node name="matt" reader="UINT" />
			<node name="weapon_type" reader="UINT" />
			<node name="crystal_type" reader="UINT" />

			<node name="critical" reader="UINT" />
			<node name="hit_mod" reader="INT" />
			<node name="avoid_mod" reader="INT" />
			<node name="shield_pdef" reader="UINT" />
			<node name="shield_rate" reader="UINT" />
			<node name="speed" reader="UINT" />
			<node name="mp_consume" reader="UINT" />
			<node name="soulshot_count" reader="UINT" />
			<node name="spiritshot_count" reader="UINT" />
			<node name="curvature" reader="UINT" />
			<node name="UNK_2" reader="UINT" />
			<node name="can_equip_hero" reader="INT" />
			<node name="UNK_3" reader="UINT" />
			<node name="effA" reader="UNICODE" />
			<if name="check_100" param="#wp_mesh" val="2">
				<node name="effB" reader="UNICODE" />
			</if>
			<!-- wp_mesh -->
			<wrapper name="junk1A">
				<node name="junk1A1" reader="FLOAT" />
				<node name="junk1A2" reader="FLOAT" />
				<node name="junk1A3" reader="FLOAT" />
				<node name="junk1A4" reader="FLOAT" />
				<node name="junk1A5" reader="FLOAT" />
			</wrapper>
			<if name="check_100" param="#wp_mesh" val="2">
				<node name="junk1B1" reader="FLOAT" />
				<node name="junk1B2" reader="FLOAT" />
				<node name="junk1B3" reader="FLOAT" />
				<node name="junk1B4" reader="FLOAT" />
				<node name="junk1B5" reader="FLOAT" />
			</if>
			<node name="rangeA" reader="UNICODE" />
			<if name="check_100" param="#wp_mesh" val="2">
				<node name="rangeB" reader="UNICODE" />
			</if>
			<wrapper name="junk2A">
				<node name="junk2A1" reader="FLOAT" />
				<node name="junk2A2" reader="FLOAT" />
				<node name="junk2A3" reader="FLOAT" />
				<node name="junk2A4" reader="FLOAT" />
				<node name="junk2A5" reader="FLOAT" />
				<node name="junk2A6" reader="FLOAT" />
			</wrapper>
			<if name="check_100" param="#wp_mesh" val="2">
				<node name="junk2B1" reader="FLOAT" />
				<node name="junk2B2" reader="FLOAT" />
				<node name="junk2B3" reader="FLOAT" />
				<node name="junk2B4" reader="FLOAT" />
				<node name="junk2B5" reader="FLOAT" />
				<node name="junk2B6" reader="FLOAT" />
			</if>
			<wrapper name="junk">
				<node name="junk1" reader="INT" />
				<node name="junk2" reader="INT" />
				<node name="junk3" reader="INT" />
				<node name="junk4" reader="INT" />
			</wrapper>
			<wrapper name="variation_icon">
				<node name="param_variation_icon1" reader="UNICODE" />
				<node name="param_variation_icon2" reader="UNICODE" />
				<node name="param_variation_icon3" reader="UNICODE" />
				<node name="param_variation_icon4" reader="UNICODE" />
			</wrapper>
		</for>
	</file>
	<file pattern="Epilogue" isSafePackage="true">
		<node name="data" reader="UINT" />
		<for name="item" size="#data" hidden="false">
			<node name="tag" reader="UINT" />
			<node name="object_id" reader="UINT" />
			<node name="drop_type" reader="UINT" />
			<node name="drop_anim_type" reader="UINT" />
			<node name="drop_radius" reader="UINT" />
			<node name="drop_height" reader="UINT" />
			<node name="UNK_0" reader="UINT" />
			<wrapper name="drop_mesh">
				<node name="drop_mesh1" reader="UNICODE" />
				<node name="drop_mesh2" reader="UNICODE" />
				<node name="drop_mesh3" reader="UNICODE" />
			</wrapper>
			<wrapper name="drop_texture">
				<node name="drop_tex1" reader="UNICODE" />
				<node name="drop_tex2" reader="UNICODE" />
				<node name="drop_tex3" reader="UNICODE" />
				<node name="drop_tex4" reader="UNICODE" />
			</wrapper>
			<node name="newdata1" reader="UINT" />
			<node name="newdata2" reader="UINT" />
			<node name="newdata3" reader="UINT" />
			<node name="newdata4" reader="UINT" />
			<node name="newdata5" reader="UINT" />
			<node name="newdata6" reader="UINT" />
			<node name="newdata7" reader="UINT" />
			<node name="newdata8" reader="UINT" />
			<wrapper name="icon">
				<node name="icon1" reader="UNICODE" />
				<node name="icon2" reader="UNICODE" />
				<node name="icon3" reader="UNICODE" />
				<node name="icon4" reader="UNICODE" />
				<node name="icon5" reader="UNICODE" />
			</wrapper>
			<node name="durability" reader="INT" />
			<node name="weight" reader="UINT" />
			<node name="material_type" reader="UINT" />
			<node name="crystallizable" reader="UINT" />
			<node name="UNK_9" reader="UINT" />
			<node name="related_quest_id" reader="UINT" />
			<for name="related_quest_id" size="#related_quest_id">
				<node name="quest_id" reader="UINT" />
			</for>
			<node name="color" reader="UINT" />
			<node name="icon_panel" reader="UNICODE" />
			<node name="body_part" reader="UINT" />
			<node name="handness" reader="UINT" />

			<wrapper name="wp_mesh">
				<node name="wp_mesh" reader="UINT" />
				<for name="mesh_0_" size="#wp_mesh">
					<node name="mesh0" reader="UNICODE" />
				</for>
				<for name="mesh_1_" size="#wp_mesh" skipWriteSize="true">
					<node name="mesh1" reader="UINT" />
				</for>
			</wrapper>

			<node name="texture" reader="UINT" />
			<for name="texture" size="#texture">
				<node name="texture0" reader="UNICODE" />
			</for>
			<node name="item_sound" reader="UINT" />
			<for name="item_sound" size="#item_sound">
				<node name="item_sound0" reader="UNICODE" />
			</for>
			<node name="drop_sound" reader="UNICODE" />
			<node name="equip_sound" reader="UNICODE" />
			<node name="effect" reader="UNICODE" />
			<node name="random_damage" reader="UINT" />
			<node name="patt" reader="UINT" />
			<node name="matt" reader="UINT" />
			<node name="weapon_type" reader="UINT" />
			<node name="crystal_type" reader="UINT" />

			<node name="critical" reader="UINT" />
			<node name="hit_mod" reader="INT" />
			<node name="avoid_mod" reader="INT" />
			<node name="shield_pdef" reader="UINT" />
			<node name="shield_rate" reader="UINT" />
			<node name="speed" reader="UINT" />
			<node name="mp_consume" reader="UINT" />
			<node name="soulshot_count" reader="UINT" />
			<node name="spiritshot_count" reader="UINT" />
			<node name="curvature" reader="UINT" />
			<node name="UNK_10" reader="UINT" />
			<node name="can_equip_hero" reader="INT" />
			<node name="UNK_12" reader="UINT" />
			<node name="effA" reader="UNICODE" />
			<if name="check_100" param="#wp_mesh" val="2">
				<node name="effB" reader="UNICODE" />
			</if>
			<!-- wp_mesh -->
			<wrapper name="junk1A">
				<node name="junk1A1" reader="FLOAT" />
				<node name="junk1A2" reader="FLOAT" />
				<node name="junk1A3" reader="FLOAT" />
				<node name="junk1A4" reader="FLOAT" />
				<node name="junk1A5" reader="FLOAT" />
			</wrapper>
			<if name="check_100" param="#wp_mesh" val="2">
				<node name="junk1B1" reader="FLOAT" />
				<node name="junk1B2" reader="FLOAT" />
				<node name="junk1B3" reader="FLOAT" />
				<node name="junk1B4" reader="FLOAT" />
				<node name="junk1B5" reader="FLOAT" />
			</if>
			<node name="rangeA" reader="UNICODE" />
			<if name="check_100" param="#wp_mesh" val="2">
				<node name="rangeB" reader="UNICODE" />
			</if>
			<wrapper name="junk2A">
				<node name="junk2A1" reader="FLOAT" />
				<node name="junk2A2" reader="FLOAT" />
				<node name="junk2A3" reader="FLOAT" />
				<node name="junk2A4" reader="FLOAT" />
				<node name="junk2A5" reader="FLOAT" />
				<node name="junk2A6" reader="FLOAT" />
			</wrapper>
			<if name="check_100" param="#wp_mesh" val="2">
				<node name="junk2B1" reader="FLOAT" />
				<node name="junk2B2" reader="FLOAT" />
				<node name="junk2B3" reader="FLOAT" />
				<node name="junk2B4" reader="FLOAT" />
				<node name="junk2B5" reader="FLOAT" />
				<node name="junk2B6" reader="FLOAT" />
			</if>
			<wrapper name="junk">
				<node name="junk1" reader="INT" />
				<node name="junk2" reader="INT" />
				<node name="junk3" reader="INT" />
				<node name="junk4" reader="INT" />
				<node name="junk5" reader="INT" />
				<node name="junk6" reader="INT" />
			</wrapper>
			<wrapper name="variation_icon">
				<node name="param_variation_icon1" reader="UNICODE" />
				<node name="param_variation_icon2" reader="UNICODE" />
				<node name="param_variation_icon3" reader="UNICODE" />
				<node name="param_variation_icon4" reader="UNICODE" />
			</wrapper>
		</for>
	</file>
	<file pattern="Awakening" isSafePackage="true">
		<node name="data" reader="UINT" />
		<for name="item" size="#data" hidden="false">
			<node name="tag" reader="UINT" />
			<node name="object_id" reader="UINT" />
			<node name="drop_type" reader="UINT" />
			<node name="drop_anim_type" reader="UINT" />
			<node name="drop_radius" reader="UINT" />
			<node name="drop_height" reader="UINT" />
			<node name="UNK_0" reader="UINT" />
			<wrapper name="drop_mesh">
				<node name="drop_mesh1" reader="UNICODE" />
				<node name="drop_mesh2" reader="UNICODE" />
				<node name="drop_mesh3" reader="UNICODE" />
			</wrapper>
			<wrapper name="drop_texture">
				<node name="drop_tex1" reader="UNICODE" />
				<node name="drop_tex2" reader="UNICODE" />
				<node name="drop_tex3" reader="UNICODE" />
				<node name="drop_tex4" reader="UNICODE" />
			</wrapper>
			<node name="newdata1" reader="UINT" />
			<node name="newdata2" reader="UINT" />
			<node name="newdata3" reader="UINT" />
			<node name="newdata4" reader="UINT" />
			<node name="newdata5" reader="UINT" />
			<node name="newdata6" reader="UINT" />
			<node name="newdata7" reader="UINT" />
			<node name="newdata8" reader="UINT" />
			<wrapper name="icon">
				<node name="icon1" reader="UNICODE" />
				<node name="icon2" reader="UNICODE" />
				<node name="icon3" reader="UNICODE" />
				<node name="icon4" reader="UNICODE" />
				<node name="icon5" reader="UNICODE" />
			</wrapper>
			<node name="durability" reader="INT" />
			<node name="weight" reader="UINT" />
			<node name="material_type" reader="UINT" />
			<node name="crystallizable" reader="UINT" />
			<node name="UNK_01" reader="UINT" />
			<node name="related_quest_id" reader="UINT" />
			<for name="related_quest_id" size="#related_quest_id">
				<node name="quest_id" reader="UINT" />
			</for>
			<node name="color1" reader="UINT" />
			<node name="color2" reader="UINT" />
			<node name="color3" reader="UINT" />
			<node name="icon_panel" reader="UNICODE" />
			<node name="body_part" reader="UINT" />
			<node name="handness" reader="UINT" />

			<wrapper name="wp_mesh">
				<node name="wp_mesh" reader="UINT" />
				<for name="mesh_0_" size="#wp_mesh">
					<node name="mesh0" reader="UNICODE" />
				</for>
				<for name="mesh_1_" size="#wp_mesh" skipWriteSize="true">
					<node name="mesh1" reader="UINT" />
				</for>
			</wrapper>

			<node name="texture" reader="UINT" />
			<for name="texture" size="#texture">
				<node name="texture0" reader="UNICODE" />
			</for>
			<node name="item_sound" reader="UINT" />
			<for name="item_sound" size="#item_sound">
				<node name="item_sound0" reader="UNICODE" />
			</for>
			<node name="drop_sound" reader="UNICODE" />
			<node name="equip_sound" reader="UNICODE" />
			<node name="effect" reader="UNICODE" />
			<node name="random_damage" reader="UINT" />
			<node name="weapon_type" reader="UINT" />
			<node name="crystal_type" reader="UINT" />

			<node name="mp_consume" reader="UINT" />
			<node name="soulshot_count" reader="UINT" />
			<node name="spiritshot_count" reader="UINT" />
			<node name="curvature" reader="UINT" />
			<node name="UNK_02" reader="UINT" />
			<node name="can_equip_hero" reader="INT" />
			<node name="UNK_03" reader="UINT" />
			<node name="effA" reader="UNICODE" />
			<if name="check_100" param="#wp_mesh" val="2">
				<node name="effB" reader="UNICODE" />
			</if>
			<!-- wp_mesh -->
			<wrapper name="junk1A">
				<node name="junk1A1" reader="FLOAT" />
				<node name="junk1A2" reader="FLOAT" />
				<node name="junk1A3" reader="FLOAT" />
				<node name="junk1A4" reader="FLOAT" />
				<node name="junk1A5" reader="FLOAT" />
			</wrapper>
			<if name="check_100" param="#wp_mesh" val="2">
				<node name="junk1B1" reader="FLOAT" />
				<node name="junk1B2" reader="FLOAT" />
				<node name="junk1B3" reader="FLOAT" />
				<node name="junk1B4" reader="FLOAT" />
				<node name="junk1B5" reader="FLOAT" />
			</if>
			<node name="rangeA" reader="UNICODE" />
			<if name="check_100" param="#wp_mesh" val="2">
				<node name="rangeB" reader="UNICODE" />
			</if>
			<wrapper name="junk2A">
				<node name="junk2A1" reader="FLOAT" />
				<node name="junk2A2" reader="FLOAT" />
				<node name="junk2A3" reader="FLOAT" />
				<node name="junk2A4" reader="FLOAT" />
				<node name="junk2A5" reader="FLOAT" />
				<node name="junk2A6" reader="FLOAT" />
			</wrapper>
			<if name="check_100" param="#wp_mesh" val="2">
				<node name="junk2B1" reader="FLOAT" />
				<node name="junk2B2" reader="FLOAT" />
				<node name="junk2B3" reader="FLOAT" />
				<node name="junk2B4" reader="FLOAT" />
				<node name="junk2B5" reader="FLOAT" />
				<node name="junk2B6" reader="FLOAT" />
			</if>
			<wrapper name="junk">
				<node name="junk3A-01" reader="FLOAT" />
				<node name="junk3A-02" reader="FLOAT" />
				<node name="junk3A-03" reader="FLOAT" />
				<node name="junk3A-04" reader="FLOAT" />
				<node name="junk3A-05" reader="FLOAT" />
				<node name="junk3A-06" reader="FLOAT" />
				<node name="junk3A-07" reader="FLOAT" />
				<node name="junk3A-08" reader="FLOAT" />
				<node name="junk3A-09" reader="FLOAT" />
				<node name="junk3A-10" reader="FLOAT" />
			</wrapper>
			<if name="check_100" param="#wp_mesh" val="2">
				<node name="junk3B-01" reader="FLOAT" />
				<node name="junk3B-02" reader="FLOAT" />
				<node name="junk3B-03" reader="FLOAT" />
				<node name="junk3B-04" reader="FLOAT" />
				<node name="junk3B-05" reader="FLOAT" />
				<node name="junk3B-06" reader="FLOAT" />
				<node name="junk3B-07" reader="FLOAT" />
				<node name="junk3B-08" reader="FLOAT" />
				<node name="junk3B-09" reader="FLOAT" />
				<node name="junk3B-10" reader="FLOAT" />
			</if>
			<wrapper name="junk">
				<node name="junk1" reader="INT" />
				<node name="junk2" reader="INT" />
				<node name="junk3" reader="INT" />
				<node name="junk4" reader="INT" />
				<node name="junk5" reader="INT" />
				<node name="junk6" reader="INT" />
			</wrapper>
			<wrapper name="variation_icon">
				<node name="param_variation_icon1" reader="UNICODE" />
				<node name="param_variation_icon2" reader="UNICODE" />
				<node name="param_variation_icon3" reader="UNICODE" />
				<node name="param_variation_icon4" reader="UNICODE" />
			</wrapper>
		</for>
	</file>
	<file pattern="Lindvior" isSafePackage="true">
		<node name="data" reader="UINT" />
		<for name="item" size="#data" hidden="false">
			<node name="tag" reader="UINT" />
			<node name="object_id" reader="UINT" />
			<node name="drop_type" reader="UINT" />
			<node name="drop_anim_type" reader="UINT" />
			<node name="drop_radius" reader="UINT" />
			<node name="drop_height" reader="UINT" />
			<node name="UNK_0" reader="UINT" />
			<wrapper name="drop_mesh">
				<node name="drop_mesh1" reader="UNICODE" />
				<node name="drop_mesh2" reader="UNICODE" />
				<node name="drop_mesh3" reader="UNICODE" />
			</wrapper>
			<wrapper name="drop_texture">
				<node name="drop_tex1" reader="UNICODE" />
				<node name="drop_tex2" reader="UNICODE" />
				<node name="drop_tex3" reader="UNICODE" />
				<node name="drop_tex4" reader="UNICODE" />
				<node name="drop_tex5" reader="UNICODE" />
				<node name="drop_tex6" reader="UNICODE" />
				<node name="drop_tex7" reader="UNICODE" />
				<node name="drop_tex8" reader="UNICODE" />
				<node name="drop_tex9" reader="UNICODE" />
			</wrapper>
			<node name="UNK_6" reader="UINT" />
			<node name="UNK_7" reader="UINT" />
			<node name="UNK_8" reader="UINT" />
			<wrapper name="icon">
				<node name="icon1" reader="UNICODE" />
				<node name="icon2" reader="UNICODE" />
				<node name="icon3" reader="UNICODE" />
				<node name="icon4" reader="UNICODE" />
				<node name="icon5" reader="UNICODE" />
			</wrapper>
			<node name="durability" reader="UINT" />
			<node name="weight" reader="UINT" />
			<node name="material_type" reader="UINT" />
			<node name="crystallizable" reader="UINT" />
			<node name="UNK_9" reader="UINT" />
			<node name="related_quest_id" reader="UINT" />
			<for name="related_quest_id" size="#related_quest_id">
				<node name="quest_id" reader="UINT" />
			</for>
			<node name="color" reader="UINT" />
			<node name="is_attribution" reader="UINT" />
			<node name="property_params" reader="UINT" />
			<node name="icon_panel" reader="UNICODE" />
			<node name="body_part" reader="UINT" />
			<node name="handness" reader="UINT" />
			<wrapper name="wp_mesh">
				<node name="mesh" reader="UINT" />
				<for name="mesh_0_" size="#mesh">
					<node name="mesh0" reader="UNICODE" />
				</for>
				<for name="mesh_1_" size="#mesh" skipWriteSize="true">
					<node name="mesh1" reader="UINT" />
				</for>
			</wrapper>
			<node name="texture" reader="UINT" />
			<for name="texture" size="#texture">
				<node name="texture0" reader="UNICODE" />
			</for>
			<node name="item_sound" reader="UINT" />
			<for name="item_sound" size="#item_sound">
				<node name="item_sound0" reader="UNICODE" />
			</for>
			<node name="drop_sound" reader="UNICODE" />
			<node name="equip_sound" reader="UNICODE" />
			<node name="effect" reader="UNICODE" />
			<node name="random_damage" reader="UINT" />
			<node name="crystal_type" reader="UINT" />
			<node name="mp_consume" reader="UINT" />
			<node name="soulshot_count" reader="UINT" />
			<node name="spiritshot_count" reader="UINT" />
			<node name="curvature" reader="UINT" />
			<node name="UNK_11" reader="UINT" />
			<node name="can_equip_hero" reader="UINT" />
			<node name="can_equip_agit" reader="UINT" />
			<node name="UNK_12" reader="UINT" />
			<node name="Enchanted" reader="UINT" />
			<for name="EnchantedEffect" size="#Enchanted">
				<node name="effA" reader="UNICODE" />
			</for>
			<for name="EnchantedEffectOffset" size="#Enchanted" skipWriteSize="true">
				<node name="param_EnchantedEffectOffset1" reader="FLOAT" />
				<node name="param_EnchantedEffectOffset2" reader="FLOAT" />
				<node name="param_EnchantedEffectOffset3" reader="FLOAT" />
			</for>
			<for name="EnchantedEffectScale" size="#Enchanted" skipWriteSize="true">
				<node name="param_EnchantedEffectScale" reader="FLOAT" />
			</for>
			<for name="EnchantedEffectVelocity" size="#Enchanted" skipWriteSize="true">
				<node name="param_EnchantedEffectVelocity" reader="FLOAT" />
			</for>
			<for name="EnchantedMesh" size="#Enchanted" skipWriteSize="true">
				<node name="param_EnchantedMesh" reader="UNICODE" />
			</for>
			<for name="EnchantedMeshOffset" size="#Enchanted" skipWriteSize="true">
				<node name="param_EnchantedMeshOffset1" reader="FLOAT" />
				<node name="param_EnchantedMeshOffset2" reader="FLOAT" />
				<node name="param_EnchantedMeshOffset3" reader="FLOAT" />
			</for>
			<for name="EnchantedMeshScale" size="#Enchanted" skipWriteSize="true">
				<node name="param_EnchantedMeshScale1" reader="FLOAT" />
				<node name="param_EnchantedMeshScale2" reader="FLOAT" />
				<node name="param_EnchantedMeshScale3" reader="FLOAT" />
			</for>
			<for name="EnchantedParticleOffset" size="#Enchanted" skipWriteSize="true">
				<node name="param_EnchantedParticleOffset1" reader="FLOAT" />
				<node name="param_EnchantedParticleOffset2" reader="FLOAT" />
				<node name="param_EnchantedParticleOffset3" reader="FLOAT" />
			</for>
			<for name="EnchantedParticleScale" size="#Enchanted" skipWriteSize="true">
				<node name="param_EnchantedParticleScale" reader="FLOAT" />
			</for>
			<for name="EnchantedRingOffset" size="#Enchanted" skipWriteSize="true">
				<node name="param_EnchantedRingOffset1" reader="FLOAT" />
				<node name="param_EnchantedRingOffset2" reader="FLOAT" />
				<node name="param_EnchantedRingOffset3" reader="FLOAT" />
			</for>
			<for name="EnchantedRingScale" size="#Enchanted" skipWriteSize="true">
				<node name="param_EnchantedRingScale1" reader="FLOAT" />
				<node name="param_EnchantedRingScale2" reader="FLOAT" />
				<node name="param_EnchantedRingScale3" reader="FLOAT" />
			</for>
			<wrapper name="variation_effect_type">
				<node name="param_variation_effect_type1" reader="INT" />
				<node name="param_variation_effect_type2" reader="INT" />
				<node name="param_variation_effect_type3" reader="INT" />
				<node name="param_variation_effect_type4" reader="INT" />
				<node name="param_variation_effect_type5" reader="INT" />
				<node name="param_variation_effect_type6" reader="INT" />
			</wrapper>
			<wrapper name="variation_icon">
				<node name="param_variation_icon1" reader="UNICODE" />
				<node name="param_variation_icon2" reader="UNICODE" />
				<node name="param_variation_icon3" reader="UNICODE" />
				<node name="param_variation_icon4" reader="UNICODE" />
			</wrapper>
		</for>
	</file>
	<file pattern="Valiance" isSafePackage="true">
		<node name="data" reader="UINT" />
		<for name="item" size="#data" hidden="false">
			<node name="tag" reader="UINT" />
			<node name="object_id" reader="UINT" />
			<node name="drop_type" reader="UINT" />
			<node name="drop_anim_type" reader="UINT" />
			<node name="drop_radius" reader="UINT" />
			<node name="drop_height" reader="UINT" />
			<node name="UNK_0" reader="UINT" />
			<wrapper name="drop_mesh">
				<node name="drop_mesh1" reader="UNICODE" />
				<node name="drop_mesh2" reader="UNICODE" />
				<node name="drop_mesh3" reader="UNICODE" />
			</wrapper>
			<wrapper name="drop_texture">
				<node name="drop_tex1" reader="UNICODE" />
				<node name="drop_tex2" reader="UNICODE" />
				<node name="drop_tex3" reader="UNICODE" />
				<node name="drop_tex4" reader="UNICODE" />
				<node name="drop_tex5" reader="UNICODE" />
				<node name="drop_tex6" reader="UNICODE" />
				<node name="drop_tex7" reader="UNICODE" />
				<node name="drop_tex8" reader="UNICODE" />
				<node name="drop_tex9" reader="UNICODE" />
			</wrapper>
			<node name="UNK_6" reader="UINT" />
			<node name="UNK_7" reader="UINT" />
			<node name="UNK_8" reader="UINT" />
			<wrapper name="icon">
				<node name="icon1" reader="UNICODE" />
				<node name="icon2" reader="UNICODE" />
				<node name="icon3" reader="UNICODE" />
				<node name="icon4" reader="UNICODE" />
				<node name="icon5" reader="UNICODE" />
			</wrapper>
			<node name="durability" reader="UINT" />
			<node name="weight" reader="UINT" />
			<node name="material_type" reader="UINT" />
			<node name="crystallizable" reader="UINT" />
			<node name="UNK_9" reader="UINT" />
			<node name="related_quest_id" reader="UINT" />
			<for name="related_quest_id" size="#related_quest_id">
				<node name="quest_id" reader="UINT" />
			</for>
			<node name="color" reader="UINT" />
			<node name="is_attribution" reader="UINT" />
			<node name="property_params" reader="UINT" />
			<node name="icon_panel" reader="UNICODE" />
			<node name="complete_item_dropsound_type" reader="ASCF" />
			<node name="inventory_type" reader="UINT" />
			<node name="body_part" reader="UINT" />
			<node name="handness" reader="UINT" />
			<wrapper name="wp_mesh">
				<node name="mesh" reader="UINT" />
				<for name="mesh_0_" size="#mesh">
					<node name="mesh0" reader="UNICODE" />
				</for>
				<for name="mesh_1_" size="#mesh" skipWriteSize="true">
					<node name="mesh1" reader="UINT" />
				</for>
			</wrapper>
			<node name="texture" reader="UINT" />
			<for name="texture" size="#texture">
				<node name="texture0" reader="UNICODE" />
			</for>
			<node name="item_sound" reader="UINT" />
			<for name="item_sound" size="#item_sound">
				<node name="item_sound0" reader="UNICODE" />
			</for>
			<node name="drop_sound" reader="UNICODE" />
			<node name="equip_sound" reader="UNICODE" />
			<node name="effect" reader="UNICODE" />
			<node name="random_damage" reader="UINT" />
			<node name="weapon_type" reader="UINT" />
			<node name="crystal_type" reader="UINT" />
			<node name="mp_consume" reader="UINT" />
			<node name="soulshot_count" reader="UINT" />
			<node name="spiritshot_count" reader="UINT" />
			<node name="curvature" reader="UINT" />
			<node name="UNK_11" reader="UINT" />
			<node name="can_equip_hero" reader="UINT" />
			<node name="can_equip_agit" reader="UINT" />
			<node name="Enchanted" reader="UINT" />
			<for name="EnchantedEffect" size="#Enchanted">
				<node name="effA" reader="UNICODE" />
			</for>
			<for name="EnchantedEffectOffset" size="#Enchanted" skipWriteSize="true">
				<node name="param_EnchantedEffectOffset1" reader="FLOAT" />
				<node name="param_EnchantedEffectOffset2" reader="FLOAT" />
				<node name="param_EnchantedEffectOffset3" reader="FLOAT" />
			</for>
			<for name="EnchantedEffectScale" size="#Enchanted" skipWriteSize="true">
				<node name="param_EnchantedEffectScale" reader="FLOAT" />
			</for>
			<for name="EnchantedEffectVelocity" size="#Enchanted" skipWriteSize="true">
				<node name="param_EnchantedEffectVelocity" reader="FLOAT" />
			</for>
			<for name="EnchantedMesh" size="#Enchanted" skipWriteSize="true">
				<node name="param_EnchantedMesh" reader="UNICODE" />
			</for>
			<for name="EnchantedMeshOffset" size="#Enchanted" skipWriteSize="true">
				<node name="param_EnchantedMeshOffset1" reader="FLOAT" />
				<node name="param_EnchantedMeshOffset2" reader="FLOAT" />
				<node name="param_EnchantedMeshOffset3" reader="FLOAT" />
			</for>
			<for name="EnchantedMeshScale" size="#Enchanted" skipWriteSize="true">
				<node name="param_EnchantedMeshScale1" reader="FLOAT" />
				<node name="param_EnchantedMeshScale2" reader="FLOAT" />
				<node name="param_EnchantedMeshScale3" reader="FLOAT" />
			</for>
			<for name="EnchantedParticleOffset" size="#Enchanted" skipWriteSize="true">
				<node name="param_EnchantedParticleOffset1" reader="FLOAT" />
				<node name="param_EnchantedParticleOffset2" reader="FLOAT" />
				<node name="param_EnchantedParticleOffset3" reader="FLOAT" />
			</for>
			<for name="EnchantedParticleScale" size="#Enchanted" skipWriteSize="true">
				<node name="param_EnchantedParticleScale" reader="FLOAT" />
			</for>
			<for name="EnchantedRingOffset" size="#Enchanted" skipWriteSize="true">
				<node name="param_EnchantedRingOffset1" reader="FLOAT" />
				<node name="param_EnchantedRingOffset2" reader="FLOAT" />
				<node name="param_EnchantedRingOffset3" reader="FLOAT" />
			</for>
			<for name="EnchantedRingScale" size="#Enchanted" skipWriteSize="true">
				<node name="param_EnchantedRingScale1" reader="FLOAT" />
				<node name="param_EnchantedRingScale2" reader="FLOAT" />
				<node name="param_EnchantedRingScale3" reader="FLOAT" />
			</for>
			<wrapper name="variation_effect_type">
				<node name="param_variation_effect_type1" reader="INT" />
				<node name="param_variation_effect_type2" reader="INT" />
				<node name="param_variation_effect_type3" reader="INT" />
				<node name="param_variation_effect_type4" reader="INT" />
				<node name="param_variation_effect_type5" reader="INT" />
				<node name="param_variation_effect_type6" reader="INT" />
			</wrapper>
			<wrapper name="variation_icon">
				<node name="param_variation_icon1" reader="UNICODE" />
				<node name="param_variation_icon2" reader="UNICODE" />
				<node name="param_variation_icon3" reader="UNICODE" />
				<node name="param_variation_icon4" reader="UNICODE" />
			</wrapper>
		</for>
	</file>
	<file pattern="Ertheia" isSafePackage="true">
		<node name="data" reader="UINT" />
		<for name="item" size="#data" hidden="false">
			<node name="tag" reader="UINT" />
			<node name="object_id" reader="UINT" />
			<node name="drop_type" reader="UINT" />
			<node name="drop_anim_type" reader="UINT" />
			<node name="drop_radius" reader="UINT" />
			<node name="drop_height" reader="UINT" />
			<node name="UNK_0" reader="UINT" />
			<wrapper name="drop_mesh">
				<node name="drop_mesh1" reader="UNICODE" />
				<node name="drop_mesh2" reader="UNICODE" />
				<node name="drop_mesh3" reader="UNICODE" />
			</wrapper>
			<wrapper name="drop_texture">
				<node name="drop_tex1" reader="UNICODE" />
				<node name="drop_tex2" reader="UNICODE" />
				<node name="drop_tex3" reader="UNICODE" />
				<node name="drop_tex4" reader="UNICODE" />
				<node name="drop_tex5" reader="UNICODE" />
				<node name="drop_tex6" reader="UNICODE" />
				<node name="drop_tex7" reader="UNICODE" />
				<node name="drop_tex8" reader="UNICODE" />
				<node name="drop_tex9" reader="UNICODE" />
			</wrapper>
			<node name="UNK_6" reader="UINT" />
			<node name="UNK_7" reader="UINT" />
			<node name="UNK_8" reader="UINT" />
			<wrapper name="icon">
				<node name="icon1" reader="UNICODE" />
				<node name="icon2" reader="UNICODE" />
				<node name="icon3" reader="UNICODE" />
				<node name="icon4" reader="UNICODE" />
				<node name="icon5" reader="UNICODE" />
			</wrapper>
			<node name="durability" reader="UINT" />
			<node name="weight" reader="UINT" />
			<node name="material_type" reader="UINT" />
			<node name="crystallizable" reader="UINT" />
			<node name="UNK_9" reader="UINT" />
			<node name="related_quest_id" reader="UINT" />
			<for name="related_quest_id" size="#related_quest_id">
				<node name="quest_id" reader="UINT" />
			</for>
			<node name="color" reader="UINT" />
			<node name="is_attribution" reader="UINT" />
			<node name="property_params" reader="UINT" />
			<node name="icon_panel" reader="UNICODE" />
			<node name="complete_item_dropsound_type" reader="ASCF" />
			<node name="inventory_type" reader="UINT" />
			<node name="body_part" reader="UINT" />
			<node name="handness" reader="UINT" />
			<wrapper name="wp_mesh">
				<node name="mesh" reader="UINT" />
				<for name="mesh_0_" size="#mesh">
					<node name="mesh0" reader="UNICODE" />
				</for>
				<for name="mesh_1_" size="#mesh" skipWriteSize="true">
					<node name="mesh1" reader="UINT" />
				</for>
			</wrapper>
			<node name="texture" reader="UINT" />
			<for name="texture" size="#texture">
				<node name="texture0" reader="UNICODE" />
			</for>
			<node name="item_sound" reader="UINT" />
			<for name="item_sound" size="#item_sound">
				<node name="item_sound0" reader="UNICODE" />
			</for>
			<node name="drop_sound" reader="UNICODE" />
			<node name="equip_sound" reader="UNICODE" />
			<node name="effect" reader="UNICODE" />
			<node name="random_damage" reader="UINT" />
			<node name="weapon_type" reader="UINT" />
			<node name="crystal_type" reader="UINT" />
			<node name="mp_consume" reader="UINT" />
			<node name="soulshot_count" reader="UINT" />
			<node name="spiritshot_count" reader="UINT" />
			<node name="curvature" reader="UINT" />
			<node name="UNK_11" reader="UINT" />
			<node name="can_equip_hero" reader="UINT" />
			<node name="can_equip_agit" reader="UINT" />
			<node name="can_equip_castle" reader="UINT" />
			<node name="ertheia_fist_scale" reader="FLOAT" />
			<node name="junk01" reader="UINT" />
			<node name="Enchanted" reader="UINT" />
			<for name="EnchantedEffectOffset" size="#Enchanted">
				<node name="param_EnchantedEffectOffset1" reader="FLOAT" />
				<node name="param_EnchantedEffectOffset2" reader="FLOAT" />
				<node name="param_EnchantedEffectOffset3" reader="FLOAT" />
			</for>
			<for name="EnchantedEffectScale" size="#Enchanted">
				<node name="param_EnchantedEffectScale" reader="FLOAT" />
			</for>
			<for name="EnchantedEffectVelocity" size="#Enchanted">
				<node name="param_EnchantedEffectVelocity" reader="FLOAT" />
			</for>
			<for name="EnchantedMesh" size="#Enchanted">
				<node name="param_EnchantedMesh" reader="UNICODE" />
			</for>
			<for name="EnchantedMeshOffset" size="#Enchanted">
				<node name="param_EnchantedMeshOffset1" reader="FLOAT" />
				<node name="param_EnchantedMeshOffset2" reader="FLOAT" />
				<node name="param_EnchantedMeshOffset3" reader="FLOAT" />
			</for>
			<for name="EnchantedMeshScale" size="#Enchanted">
				<node name="param_EnchantedMeshScale1" reader="FLOAT" />
				<node name="param_EnchantedMeshScale2" reader="FLOAT" />
				<node name="param_EnchantedMeshScale3" reader="FLOAT" />
			</for>
			<for name="EnchantedParticleOffset" size="#Enchanted">
				<node name="param_EnchantedParticleOffset1" reader="FLOAT" />
				<node name="param_EnchantedParticleOffset2" reader="FLOAT" />
				<node name="param_EnchantedParticleOffset3" reader="FLOAT" />
			</for>
			<for name="EnchantedParticleScale" size="#Enchanted">
				<node name="param_EnchantedParticleScale" reader="FLOAT" />
			</for>
			<for name="EnchantedRingOffset" size="#Enchanted">
				<node name="param_EnchantedRingOffset1" reader="FLOAT" />
				<node name="param_EnchantedRingOffset2" reader="FLOAT" />
				<node name="param_EnchantedRingOffset3" reader="FLOAT" />
			</for>
			<for name="EnchantedRingScale" size="#Enchanted">
				<node name="param_EnchantedRingScale1" reader="FLOAT" />
				<node name="param_EnchantedRingScale2" reader="FLOAT" />
				<node name="param_EnchantedRingScale3" reader="FLOAT" />
			</for>
			<wrapper name="variation_effect_type">
				<node name="param_variation_effect_type1" reader="INT" />
				<node name="param_variation_effect_type2" reader="INT" />
				<node name="param_variation_effect_type3" reader="INT" />
				<node name="param_variation_effect_type4" reader="INT" />
				<node name="param_variation_effect_type5" reader="INT" />
				<node name="param_variation_effect_type6" reader="INT" />
			</wrapper>
			<wrapper name="variation_icon">
				<node name="param_variation_icon1" reader="UNICODE" />
				<node name="param_variation_icon2" reader="UNICODE" />
				<node name="param_variation_icon3" reader="UNICODE" />
				<node name="param_variation_icon4" reader="UNICODE" />
			</wrapper>
		</for>
	</file>
	<file pattern="Underground" isSafePackage="true">
		<node name="data" reader="UINT" />
		<for name="item" size="#data" hidden="false">
			<node name="tag" reader="UINT" />
			<node name="object_id" reader="UINT" />
			<node name="drop_type" reader="UINT" />
			<node name="drop_anim_type" reader="UINT" />
			<node name="drop_radius" reader="UINT" />
			<node name="drop_height" reader="UINT" />
			<node name="UNK_0" reader="UINT" />
			<wrapper name="drop_mesh">
				<node name="drop_mesh1" reader="UNICODE" />
				<node name="drop_mesh2" reader="UNICODE" />
				<node name="drop_mesh3" reader="UNICODE" />
			</wrapper>
			<wrapper name="drop_texture">
				<node name="drop_tex1" reader="UNICODE" />
				<node name="drop_tex2" reader="UNICODE" />
				<node name="drop_tex3" reader="UNICODE" />
				<node name="drop_tex4" reader="UNICODE" />
				<node name="drop_tex5" reader="UNICODE" />
				<node name="drop_tex6" reader="UNICODE" />
				<node name="drop_tex7" reader="UNICODE" />
				<node name="drop_tex8" reader="UNICODE" />
				<node name="drop_tex9" reader="UNICODE" />
			</wrapper>
			<node name="UNK_6" reader="UINT" />
			<node name="UNK_7" reader="UINT" />
			<node name="UNK_8" reader="UINT" />
			<wrapper name="icon">
				<node name="icon1" reader="UNICODE" />
				<node name="icon2" reader="UNICODE" />
				<node name="icon3" reader="UNICODE" />
				<node name="icon4" reader="UNICODE" />
				<node name="icon5" reader="UNICODE" />
			</wrapper>
			<node name="durability" reader="UINT" />
			<node name="weight" reader="UINT" />
			<node name="material_type" reader="UINT" />
			<node name="crystallizable" reader="UINT" />
			<node name="UNK_9" reader="UINT" />
			<node name="related_quest_id" reader="UINT" />
			<for name="related_quest_id" size="#related_quest_id">
				<node name="quest_id" reader="UINT" />
			</for>
			<node name="color" reader="UINT" />
			<node name="is_attribution" reader="UINT" />
			<node name="property_params" reader="UINT" />
			<node name="icon_panel" reader="UNICODE" />
			<node name="complete_item_dropsound_type" reader="ASCF" />
			<node name="inventory_type" reader="UINT" />
			<node name="body_part" reader="UINT" />
			<node name="handness" reader="UINT" />
			<wrapper name="wp_mesh">
				<node name="mesh" reader="UINT" />
				<for name="mesh_0_" size="#mesh">
					<node name="mesh0" reader="UNICODE" />
				</for>
				<for name="mesh_1_" size="#mesh" skipWriteSize="true">
					<node name="mesh1" reader="UINT" />
				</for>
			</wrapper>
			<node name="texture" reader="UINT" />
			<for name="texture" size="#texture">
				<node name="texture0" reader="UNICODE" />
			</for>
			<node name="item_sound" reader="UINT" />
			<for name="item_sound" size="#item_sound">
				<node name="item_sound0" reader="UNICODE" />
			</for>
			<node name="drop_sound" reader="UNICODE" />
			<node name="equip_sound" reader="UNICODE" />
			<node name="effect" reader="UNICODE" />
			<node name="random_damage" reader="UINT" />
			<node name="weapon_type" reader="UINT" />
			<node name="crystal_type" reader="UINT" />
			<node name="mp_consume" reader="UINT" />
			<node name="soulshot_count" reader="UINT" />
			<node name="spiritshot_count" reader="UINT" />
			<node name="curvature" reader="UINT" />
			<node name="UNK_10" reader="UINT" />
			<node name="can_equip_hero" reader="UINT" />
			<node name="is_magic_weapon" reader="UINT" />
			<node name="can_equip_castle" reader="UINT" />
			<node name="ertheia_fist_scale" reader="FLOAT" />
			<node name="junk01" reader="UINT" />
			<node name="Enchanted" reader="UINT" />
			<for name="EnchantedEffectOffset" size="#Enchanted">
				<node name="param_EnchantedEffectOffset1" reader="FLOAT" />
				<node name="param_EnchantedEffectOffset2" reader="FLOAT" />
				<node name="param_EnchantedEffectOffset3" reader="FLOAT" />
			</for>
			<for name="EnchantedEffectScale" size="#Enchanted" skipWriteSize="true">
				<node name="param_EnchantedEffectScale" reader="FLOAT" />
			</for>
			<for name="EnchantedEffectVelocity" size="#Enchanted" skipWriteSize="true">
				<node name="param_EnchantedEffectVelocity" reader="FLOAT" />
			</for>
			<for name="EnchantedMesh" size="#Enchanted" skipWriteSize="true">
				<node name="param_EnchantedMesh" reader="UNICODE" />
			</for>
			<for name="EnchantedMeshOffset" size="#Enchanted" skipWriteSize="true">
				<node name="param_EnchantedMeshOffset1" reader="FLOAT" />
				<node name="param_EnchantedMeshOffset2" reader="FLOAT" />
				<node name="param_EnchantedMeshOffset3" reader="FLOAT" />
			</for>
			<for name="EnchantedMeshScale" size="#Enchanted" skipWriteSize="true">
				<node name="param_EnchantedMeshScale1" reader="FLOAT" />
				<node name="param_EnchantedMeshScale2" reader="FLOAT" />
				<node name="param_EnchantedMeshScale3" reader="FLOAT" />
			</for>
			<for name="EnchantedParticleOffset" size="#Enchanted" skipWriteSize="true">
				<node name="param_EnchantedParticleOffset1" reader="FLOAT" />
				<node name="param_EnchantedParticleOffset2" reader="FLOAT" />
				<node name="param_EnchantedParticleOffset3" reader="FLOAT" />
			</for>
			<for name="EnchantedParticleScale" size="#Enchanted" skipWriteSize="true">
				<node name="param_EnchantedParticleScale" reader="FLOAT" />
			</for>
			<for name="EnchantedRingOffset" size="#Enchanted" skipWriteSize="true">
				<node name="param_EnchantedRingOffset1" reader="FLOAT" />
				<node name="param_EnchantedRingOffset2" reader="FLOAT" />
				<node name="param_EnchantedRingOffset3" reader="FLOAT" />
			</for>
			<for name="EnchantedRingScale" size="#Enchanted" skipWriteSize="true">
				<node name="param_EnchantedRingScale1" reader="FLOAT" />
				<node name="param_EnchantedRingScale2" reader="FLOAT" />
				<node name="param_EnchantedRingScale3" reader="FLOAT" />
			</for>
			<wrapper name="variation_effect_type">
				<node name="param_variation_effect_type1" reader="INT" />
				<node name="param_variation_effect_type2" reader="INT" />
				<node name="param_variation_effect_type3" reader="INT" />
				<node name="param_variation_effect_type4" reader="INT" />
				<node name="param_variation_effect_type5" reader="INT" />
				<node name="param_variation_effect_type6" reader="INT" />
			</wrapper>
			<wrapper name="variation_icon">
				<node name="param_variation_icon1" reader="UNICODE" />
				<node name="param_variation_icon2" reader="UNICODE" />
				<node name="param_variation_icon3" reader="UNICODE" />
				<node name="param_variation_icon4" reader="UNICODE" />
			</wrapper>
			<wrapper name="ensoul_slot_count">
				<node name="normal_ensoul_count" reader="UINT" />
				<node name="special_ensoul_count" reader="UINT" />
			</wrapper>
		</for>
	</file>
	<file pattern="Helios" isSafePackage="true">
		<node name="data" reader="UINT" />
		<for name="item" size="#data" hidden="false">
			<node name="tag" reader="UCHAR" />
			<node name="object_id" reader="UINT" />
			<node name="drop_type" reader="UCHAR" />
			<node name="drop_anim_type" reader="UCHAR" />
			<node name="drop_radius" reader="UCHAR" />
			<node name="drop_height" reader="UCHAR" />
			<node name="drop_texture" reader="UCHAR" />
			<for name="drop_texture" size="#drop_texture">
				<node name="drop_mesh" reader="MAP_INT" />
				<node name="drop_texture2" reader="UCHAR" />
				<for name="drop_texture2" size="#drop_texture2">
					<node name="drop_tex1" reader="MAP_INT" />
				</for>
			</for>
			<wrapper name="icon">
				<node name="icon1" reader="MAP_INT" />
				<node name="icon2" reader="MAP_INT" />
				<node name="icon3" reader="MAP_INT" />
				<node name="icon4" reader="MAP_INT" />
				<node name="icon5" reader="MAP_INT" />
			</wrapper>
			<node name="durability" reader="SHORT" />
			<node name="weight" reader="SHORT" />
			<node name="material_type" reader="UCHAR" enumName="material_type" />
			<node name="crystallizable" reader="UCHAR" />
			<node name="related_quest_id" reader="UCHAR" />
			<for name="related_quest_id" size="#related_quest_id">
				<node name="quest_id" reader="SHORT" />
			</for>
			<node name="color" reader="UCHAR" />
			<node name="is_attribution" reader="UCHAR" />
			<node name="property_params" reader="SHORT" />
			<node name="icon_panel" reader="MAP_INT" />
			<node name="complete_item_dropsound_type" reader="MAP_INT" />
			<node name="inventory_type" reader="UCHAR" enumName="inventory_type" />
			<node name="body_part" reader="UCHAR" enumName="bodypart_v2_type" />
			<node name="handness" reader="UCHAR" />
			<wrapper name="wp_mesh">
				<node name="mesh" reader="UCHAR" />
				<for name="mesh_0_" size="#mesh">
					<node name="mesh0" reader="MAP_INT" />
				</for>
				<for name="mesh_1_" size="#mesh" skipWriteSize="true">
					<node name="mesh1" reader="UCHAR" />
				</for>
			</wrapper>
			<node name="texture" reader="UCHAR" />
			<for name="texture" size="#texture">
				<node name="texture0" reader="MAP_INT" />
			</for>
			<node name="item_sound" reader="UCHAR" />
			<for name="item_sound" size="#item_sound">
				<node name="item_sound0" reader="MAP_INT" />
			</for>
			<node name="drop_sound" reader="MAP_INT" />
			<node name="equip_sound" reader="MAP_INT" />
			<node name="effect" reader="MAP_INT" />
			<node name="random_damage" reader="UCHAR" />
			<node name="weapon_type" reader="UCHAR" enumName="item_weapon_v2_type" />
			<node name="crystal_type" reader="UCHAR" enumName="grade_type" />
			<node name="mp_consume" reader="UCHAR" />
			<node name="soulshot_count" reader="UCHAR" />
			<node name="spiritshot_count" reader="UCHAR" />
			<node name="curvature" reader="SHORT" />
			<node name="UNK_10" reader="UCHAR" />
			<node name="can_equip_hero" reader="UCHAR" />
			<node name="is_magic_weapon" reader="UCHAR" />
			<node name="ertheia_fist_scale" reader="FLOAT" />
			<node name="junk" reader="SHORT" />
			<node name="Enchanted" reader="UCHAR" />
			<for name="Enchanted" size="#Enchanted">
				<node name="EnchantedEffect" reader="MAP_INT" />
				<wrapper name="EnchantedEffectOffset">
					<node name="EnchantedEffectOffset1" reader="FLOAT" />
					<node name="EnchantedEffectOffset2" reader="FLOAT" />
					<node name="EnchantedEffectOffset3" reader="FLOAT" />
				</wrapper>
				<wrapper name="EnchantedMeshOffset">
					<node name="EnchantedMeshOffset1" reader="FLOAT" />
					<node name="EnchantedMeshOffset2" reader="FLOAT" />
					<node name="EnchantedMeshOffset3" reader="FLOAT" />
				</wrapper>
				<wrapper name="EnchantedMeshScale">
					<node name="EnchantedMeshScale1" reader="FLOAT" />
					<node name="EnchantedMeshScale2" reader="FLOAT" />
					<node name="EnchantedMeshScale3" reader="FLOAT" />
				</wrapper>
				<node name="EnchantedEffectVelocity" reader="FLOAT" />
				<node name="EnchantedParticleScale" reader="FLOAT" />
				<node name="EnchantedEffectScale" reader="FLOAT" />
				<wrapper name="EnchantedParticleOffset">
					<node name="param_EnchantedParticleOffset1" reader="FLOAT" />
					<node name="param_EnchantedParticleOffset2" reader="FLOAT" />
					<node name="param_EnchantedParticleOffset3" reader="FLOAT" />
				</wrapper>
				<wrapper name="EnchantedRingOffset">
					<node name="param_EnchantedRingOffset1" reader="FLOAT" />
					<node name="param_EnchantedRingOffset2" reader="FLOAT" />
					<node name="param_EnchantedRingOffset3" reader="FLOAT" />
				</wrapper>
				<wrapper name="EnchantedRingScale">
					<node name="param_EnchantedRingScale1" reader="FLOAT" />
					<node name="param_EnchantedRingScale2" reader="FLOAT" />
					<node name="param_EnchantedRingScale3" reader="FLOAT" />
				</wrapper>
			</for>
			<wrapper name="variation_effect_type">
				<node name="param_variation_effect_type1" reader="UCHAR" />
				<node name="param_variation_effect_type2" reader="UCHAR" />
				<node name="param_variation_effect_type3" reader="UCHAR" />
				<node name="param_variation_effect_type4" reader="UCHAR" />
				<node name="param_variation_effect_type5" reader="UCHAR" />
				<node name="param_variation_effect_type6" reader="UCHAR" />
			</wrapper>
			<node name="variation_icon" reader="UCHAR" />
			<for name="variation_icon" size="#variation_icon">
				<node name="param_variation_icon" reader="MAP_INT" />
			</for>
			<wrapper name="ensoul_slot_count">
				<node name="normal_ensoul_count" reader="UCHAR" />
				<node name="special_ensoul_count" reader="UCHAR" />
			</wrapper>
		</for>
	</file>
	<file pattern="MasterClass" isSafePackage="true">
		<node name="data" reader="UINT" />
		<for name="item" size="#data" hidden="false">
			<node name="tag" reader="UCHAR" />
			<node name="object_id" reader="UINT" />
			<node name="drop_type" reader="UCHAR" />
			<node name="drop_anim_type" reader="UCHAR" />
			<node name="drop_radius" reader="UCHAR" />
			<node name="drop_height" reader="UCHAR" />
			<node name="drop_texture" reader="UINT" />
			<for name="drop_texture" size="#drop_texture">
				<node name="drop_mesh" reader="MAP_INT" />
				<node name="drop_texture2" reader="UINT" />
				<for name="drop_texture2" size="#drop_texture2">
					<node name="drop_tex1" reader="MAP_INT" />
				</for>
			</for>
			<wrapper name="icon">
				<node name="icon1" reader="MAP_INT" />
				<node name="icon2" reader="MAP_INT" />
				<node name="icon3" reader="MAP_INT" />
				<node name="icon4" reader="MAP_INT" />
				<node name="icon5" reader="MAP_INT" />
			</wrapper>
			<node name="durability" reader="SHORT" />
			<node name="weight" reader="SHORT" />
			<node name="material_type" reader="UCHAR" enumName="material_type" />
			<node name="crystallizable" reader="UCHAR" />
			<node name="related_quest_id" reader="UCHAR" />
			<for name="related_quest_id" size="#related_quest_id">
				<node name="quest_id" reader="SHORT" />
			</for>
			<node name="color" reader="UCHAR" />
			<node name="is_attribution" reader="UCHAR" />
			<node name="property_params" reader="SHORT" />
			<node name="icon_panel" reader="MAP_INT" />
			<node name="complete_item_dropsound_type" reader="MAP_INT" />
			<node name="inventory_type" reader="UCHAR" enumName="inventory_type" />
			<node name="body_part" reader="UCHAR" enumName="bodypart_v2_type" />
			<node name="handness" reader="UCHAR" />
			<wrapper name="wp_mesh">
				<node name="mesh" reader="UCHAR" />
				<for name="mesh_0_" size="#mesh">
					<node name="mesh0" reader="MAP_INT" />
				</for>
				<for name="mesh_1_" size="#mesh" skipWriteSize="true">
					<node name="mesh1" reader="UCHAR" />
				</for>
			</wrapper>
			<node name="texture" reader="UCHAR" />
			<for name="texture" size="#texture">
				<node name="texture0" reader="MAP_INT" />
			</for>
			<node name="item_sound" reader="UCHAR" />
			<for name="item_sound" size="#item_sound">
				<node name="item_sound0" reader="MAP_INT" />
			</for>
			<node name="drop_sound" reader="MAP_INT" />
			<node name="equip_sound" reader="MAP_INT" />
			<node name="effect" reader="MAP_INT" />
			<node name="random_damage" reader="UCHAR" />
			<node name="weapon_type" reader="UCHAR" enumName="item_weapon_v2_type" />
			<node name="crystal_type" reader="UCHAR" enumName="grade_type" />
			<node name="mp_consume" reader="UCHAR" />
			<node name="soulshot_count" reader="UCHAR" />
			<node name="spiritshot_count" reader="UCHAR" />
			<node name="curvature" reader="SHORT" />
			<node name="UNK_10" reader="UCHAR" />
			<node name="can_equip_hero" reader="UCHAR" />
			<node name="is_magic_weapon" reader="UCHAR" />
			<node name="ertheia_fist_scale" reader="FLOAT" />
			<node name="junk" reader="SHORT" />
			<node name="Enchanted" reader="UCHAR" />
			<for name="Enchanted" size="#Enchanted">
				<node name="EnchantedEffect" reader="MAP_INT" />
				<wrapper name="EnchantedEffectOffset">
					<node name="EnchantedEffectOffset1" reader="FLOAT" />
					<node name="EnchantedEffectOffset2" reader="FLOAT" />
					<node name="EnchantedEffectOffset3" reader="FLOAT" />
				</wrapper>
				<wrapper name="EnchantedMeshOffset">
					<node name="EnchantedMeshOffset1" reader="FLOAT" />
					<node name="EnchantedMeshOffset2" reader="FLOAT" />
					<node name="EnchantedMeshOffset3" reader="FLOAT" />
				</wrapper>
				<wrapper name="EnchantedMeshScale">
					<node name="EnchantedMeshScale1" reader="FLOAT" />
					<node name="EnchantedMeshScale2" reader="FLOAT" />
					<node name="EnchantedMeshScale3" reader="FLOAT" />
				</wrapper>
				<node name="EnchantedEffectVelocity" reader="FLOAT" />
				<node name="EnchantedParticleScale" reader="FLOAT" />
				<node name="EnchantedEffectScale" reader="FLOAT" />
				<wrapper name="EnchantedParticleOffset">
					<node name="param_EnchantedParticleOffset1" reader="FLOAT" />
					<node name="param_EnchantedParticleOffset2" reader="FLOAT" />
					<node name="param_EnchantedParticleOffset3" reader="FLOAT" />
				</wrapper>
				<wrapper name="EnchantedRingOffset">
					<node name="param_EnchantedRingOffset1" reader="FLOAT" />
					<node name="param_EnchantedRingOffset2" reader="FLOAT" />
					<node name="param_EnchantedRingOffset3" reader="FLOAT" />
				</wrapper>
				<wrapper name="EnchantedRingScale">
					<node name="param_EnchantedRingScale1" reader="FLOAT" />
					<node name="param_EnchantedRingScale2" reader="FLOAT" />
					<node name="param_EnchantedRingScale3" reader="FLOAT" />
				</wrapper>
			</for>
			<wrapper name="variation_effect_type">
				<node name="param_variation_effect_type1" reader="UCHAR" />
				<node name="param_variation_effect_type2" reader="UCHAR" />
				<node name="param_variation_effect_type3" reader="UCHAR" />
				<node name="param_variation_effect_type4" reader="UCHAR" />
				<node name="param_variation_effect_type5" reader="UCHAR" />
				<node name="param_variation_effect_type6" reader="UCHAR" />
			</wrapper>
			<node name="variation_icon" reader="UCHAR" />
			<for name="variation_icon" size="#variation_icon">
				<node name="param_variation_icon" reader="MAP_INT" />
			</for>
			<wrapper name="ensoul_slot_count">
				<node name="normal_ensoul_count" reader="UCHAR" />
				<node name="special_ensoul_count" reader="UCHAR" />
			</wrapper>
		</for>
	</file>
	<file pattern="MasterClass2" isSafePackage="true">
		<node name="data" reader="UINT" />
		<for name="item" size="#data" hidden="false">
			<node name="tag" reader="UCHAR" />
			<node name="object_id" reader="UINT" />
			<node name="drop_type" reader="UCHAR" />
			<node name="drop_anim_type" reader="UCHAR" />
			<node name="drop_radius" reader="UCHAR" />
			<node name="drop_height" reader="UCHAR" />
			<node name="drop_texture" reader="UINT" />
			<for name="drop_texture" size="#drop_texture">
				<node name="drop_mesh" reader="MAP_INT" />
				<node name="drop_texture2" reader="UINT" />
				<for name="drop_texture2" size="#drop_texture2">
					<node name="drop_tex1" reader="MAP_INT" />
				</for>
			</for>
			<wrapper name="icon">
				<node name="icon1" reader="MAP_INT" />
				<node name="icon2" reader="MAP_INT" />
				<node name="icon3" reader="MAP_INT" />
				<node name="icon4" reader="MAP_INT" />
				<node name="icon5" reader="MAP_INT" />
			</wrapper>
			<node name="durability" reader="SHORT" />
			<node name="weight" reader="SHORT" />
			<node name="material_type" reader="UCHAR" enumName="material_type" />
			<node name="crystallizable" reader="UCHAR" />
			<node name="related_quest_id" reader="UCHAR" />
			<for name="related_quest_id" size="#related_quest_id">
				<node name="quest_id" reader="SHORT" />
			</for>
			<node name="color" reader="UCHAR" />
			<node name="is_attribution" reader="UCHAR" />
			<node name="icon_panel" reader="MAP_INT" />
			<node name="complete_item_dropsound_type" reader="MAP_INT" />
			<node name="inventory_type" reader="UCHAR" enumName="inventory_type" />
			<node name="body_part" reader="UCHAR" enumName="bodypart_v2_type" />
			<node name="handness" reader="UCHAR" />
			<wrapper name="wp_mesh">
				<node name="mesh" reader="UCHAR" />
				<for name="mesh_0_" size="#mesh">
					<node name="mesh0" reader="MAP_INT" />
				</for>
				<for name="mesh_1_" size="#mesh" skipWriteSize="true">
					<node name="mesh1" reader="UCHAR" />
				</for>
			</wrapper>
			<node name="texture" reader="UCHAR" />
			<for name="texture" size="#texture">
				<node name="texture0" reader="MAP_INT" />
			</for>
			<node name="item_sound" reader="UCHAR" />
			<for name="item_sound" size="#item_sound">
				<node name="item_sound0" reader="MAP_INT" />
			</for>
			<node name="drop_sound" reader="MAP_INT" />
			<node name="equip_sound" reader="MAP_INT" />
			<node name="effect" reader="MAP_INT" />
			<node name="random_damage" reader="UCHAR" />
			<node name="weapon_type" reader="UCHAR" enumName="item_weapon_v2_type" />
			<node name="crystal_type" reader="UCHAR" enumName="grade_type" />
			<node name="mp_consume" reader="UCHAR" />
			<node name="soulshot_count" reader="UCHAR" />
			<node name="spiritshot_count" reader="UCHAR" />
			<node name="curvature" reader="SHORT" />
			<node name="UNK_10" reader="UCHAR" />
			<node name="can_equip_hero" reader="UCHAR" />
			<node name="is_magic_weapon" reader="UCHAR" />
			<node name="ertheia_fist_scale" reader="FLOAT" />
			<node name="junk" reader="SHORT" />
			<node name="Enchanted" reader="UCHAR" />
			<for name="Enchanted" size="#Enchanted">
				<node name="EnchantedEffect" reader="MAP_INT" />
				<wrapper name="EnchantedEffectOffset">
					<node name="EnchantedEffectOffset1" reader="FLOAT" />
					<node name="EnchantedEffectOffset2" reader="FLOAT" />
					<node name="EnchantedEffectOffset3" reader="FLOAT" />
				</wrapper>
				<wrapper name="EnchantedMeshOffset">
					<node name="EnchantedMeshOffset1" reader="FLOAT" />
					<node name="EnchantedMeshOffset2" reader="FLOAT" />
					<node name="EnchantedMeshOffset3" reader="FLOAT" />
				</wrapper>
				<wrapper name="EnchantedMeshScale">
					<node name="EnchantedMeshScale1" reader="FLOAT" />
					<node name="EnchantedMeshScale2" reader="FLOAT" />
					<node name="EnchantedMeshScale3" reader="FLOAT" />
				</wrapper>
				<node name="EnchantedEffectVelocity" reader="FLOAT" />
				<node name="EnchantedParticleScale" reader="FLOAT" />
				<node name="EnchantedEffectScale" reader="FLOAT" />
				<wrapper name="EnchantedParticleOffset">
					<node name="param_EnchantedParticleOffset1" reader="FLOAT" />
					<node name="param_EnchantedParticleOffset2" reader="FLOAT" />
					<node name="param_EnchantedParticleOffset3" reader="FLOAT" />
				</wrapper>
				<wrapper name="EnchantedRingOffset">
					<node name="param_EnchantedRingOffset1" reader="FLOAT" />
					<node name="param_EnchantedRingOffset2" reader="FLOAT" />
					<node name="param_EnchantedRingOffset3" reader="FLOAT" />
				</wrapper>
				<wrapper name="EnchantedRingScale">
					<node name="param_EnchantedRingScale1" reader="FLOAT" />
					<node name="param_EnchantedRingScale2" reader="FLOAT" />
					<node name="param_EnchantedRingScale3" reader="FLOAT" />
				</wrapper>
			</for>
			<wrapper name="variation_effect_type">
				<node name="param_variation_effect_type1" reader="UCHAR" />
				<node name="param_variation_effect_type2" reader="UCHAR" />
				<node name="param_variation_effect_type3" reader="UCHAR" />
				<node name="param_variation_effect_type4" reader="UCHAR" />
				<node name="param_variation_effect_type5" reader="UCHAR" />
				<node name="param_variation_effect_type6" reader="UCHAR" />
			</wrapper>
			<node name="variation_icon" reader="UCHAR" />
			<for name="variation_icon" size="#variation_icon">
				<node name="param_variation_icon" reader="MAP_INT" />
			</for>
			<wrapper name="ensoul_slot_count">
				<node name="normal_ensoul_count" reader="UCHAR" />
				<node name="special_ensoul_count" reader="UCHAR" />
			</wrapper>
		</for>
	</file>
	<file pattern="TheSourceOfFlame" isSafePackage="true">
		<node name="data" reader="UINT" />
		<for name="item" size="#data" hidden="false">
			<node name="tag" reader="UCHAR" />
			<node name="object_id" reader="UINT" />
			<node name="drop_type" reader="UCHAR" />
			<node name="drop_anim_type" reader="UCHAR" />
			<node name="drop_radius" reader="UCHAR" />
			<node name="drop_height" reader="UCHAR" />
			<node name="drop_texture" reader="UINT" />
			<for name="drop_texture" size="#drop_texture">
				<node name="drop_mesh" reader="MAP_INT" />
				<node name="drop_texture2" reader="UINT" />
				<for name="drop_texture2" size="#drop_texture2">
					<node name="drop_tex1" reader="MAP_INT" />
				</for>
				<node name="drop_texture3" reader="MAP_INT" />
				<node name="drop_texture4" reader="MAP_INT" />
			</for>
			<wrapper name="icon">
				<node name="icon1" reader="MAP_INT" />
				<node name="icon2" reader="MAP_INT" />
				<node name="icon3" reader="MAP_INT" />
				<node name="icon4" reader="MAP_INT" />
				<node name="icon5" reader="MAP_INT" />
			</wrapper>
			<node name="durability" reader="SHORT" />
			<node name="weight" reader="SHORT" />
			<node name="material_type" reader="UCHAR" enumName="material_type" />
			<node name="crystallizable" reader="UCHAR" />
			<node name="related_quest_id" reader="UCHAR" />
			<for name="related_quest_id" size="#related_quest_id">
				<node name="quest_id" reader="SHORT" />
			</for>
			<node name="color" reader="UCHAR" />
			<node name="is_attribution" reader="UCHAR" />
			<node name="icon_panel" reader="MAP_INT" />
			<node name="complete_item_dropsound_type" reader="MAP_INT" />
			<node name="inventory_type" reader="UCHAR" enumName="inventory_type" />
			<node name="body_part" reader="UCHAR" enumName="bodypart_v2_type" />
			<node name="handness" reader="UCHAR" />
			<wrapper name="wp_mesh">
				<node name="mesh" reader="UCHAR" />
				<for name="mesh_0_" size="#mesh">
					<node name="mesh0" reader="MAP_INT" />
				</for>
				<for name="mesh_1_" size="#mesh" skipWriteSize="true">
					<node name="mesh1" reader="UCHAR" />
				</for>
			</wrapper>
			<node name="texture" reader="UCHAR" />
			<for name="texture" size="#texture">
				<node name="texture0" reader="MAP_INT" />
			</for>
			<node name="item_sound" reader="UCHAR" />
			<for name="item_sound" size="#item_sound">
				<node name="item_sound0" reader="MAP_INT" />
			</for>
			<node name="drop_sound" reader="MAP_INT" />
			<node name="equip_sound" reader="MAP_INT" />
			<node name="effect" reader="MAP_INT" />
			<node name="random_damage" reader="UCHAR" />
			<node name="weapon_type" reader="UCHAR" enumName="item_weapon_v2_type" />
			<node name="crystal_type" reader="UCHAR" enumName="grade_type" />
			<node name="mp_consume" reader="UCHAR" />
			<node name="soulshot_count" reader="UCHAR" />
			<node name="spiritshot_count" reader="UCHAR" />
			<node name="curvature" reader="SHORT" />
			<node name="UNK_10" reader="UCHAR" />
			<node name="can_equip_hero" reader="UCHAR" />
			<node name="is_magic_weapon" reader="UCHAR" />
			<node name="ertheia_fist_scale" reader="FLOAT" />
			<node name="junk" reader="SHORT" />
			<node name="Enchanted" reader="UCHAR" />
			<for name="Enchanted" size="#Enchanted">
				<node name="EnchantedEffect" reader="MAP_INT" />
				<wrapper name="EnchantedEffectOffset">
					<node name="EnchantedEffectOffset1" reader="FLOAT" />
					<node name="EnchantedEffectOffset2" reader="FLOAT" />
					<node name="EnchantedEffectOffset3" reader="FLOAT" />
				</wrapper>
				<wrapper name="EnchantedMeshOffset">
					<node name="EnchantedMeshOffset1" reader="FLOAT" />
					<node name="EnchantedMeshOffset2" reader="FLOAT" />
					<node name="EnchantedMeshOffset3" reader="FLOAT" />
				</wrapper>
				<wrapper name="EnchantedMeshScale">
					<node name="EnchantedMeshScale1" reader="FLOAT" />
					<node name="EnchantedMeshScale2" reader="FLOAT" />
					<node name="EnchantedMeshScale3" reader="FLOAT" />
				</wrapper>
				<node name="EnchantedEffectVelocity" reader="FLOAT" />
				<node name="EnchantedParticleScale" reader="FLOAT" />
				<node name="EnchantedEffectScale" reader="FLOAT" />
				<wrapper name="EnchantedParticleOffset">
					<node name="param_EnchantedParticleOffset1" reader="FLOAT" />
					<node name="param_EnchantedParticleOffset2" reader="FLOAT" />
					<node name="param_EnchantedParticleOffset3" reader="FLOAT" />
				</wrapper>
				<wrapper name="EnchantedRingOffset">
					<node name="param_EnchantedRingOffset1" reader="FLOAT" />
					<node name="param_EnchantedRingOffset2" reader="FLOAT" />
					<node name="param_EnchantedRingOffset3" reader="FLOAT" />
				</wrapper>
				<wrapper name="EnchantedRingScale">
					<node name="param_EnchantedRingScale1" reader="FLOAT" />
					<node name="param_EnchantedRingScale2" reader="FLOAT" />
					<node name="param_EnchantedRingScale3" reader="FLOAT" />
				</wrapper>
			</for>
			<wrapper name="variation_effect_type">
				<node name="param_variation_effect_type1" reader="UCHAR" />
				<node name="param_variation_effect_type2" reader="UCHAR" />
				<node name="param_variation_effect_type3" reader="UCHAR" />
				<node name="param_variation_effect_type4" reader="UCHAR" />
				<node name="param_variation_effect_type5" reader="UCHAR" />
				<node name="param_variation_effect_type6" reader="UCHAR" />
			</wrapper>
			<node name="variation_icon" reader="UCHAR" />
			<for name="variation_icon" size="#variation_icon">
				<node name="param_variation_icon" reader="MAP_INT" />
			</for>
			<wrapper name="ensoul_slot_count">
				<node name="normal_ensoul_count" reader="UCHAR" />
				<node name="special_ensoul_count" reader="UCHAR" />
			</wrapper>
		</for>
	</file>
	<file pattern="Shinemaker" isSafePackage="true">
		<node name="data" reader="UINT" />
		<for name="item" size="#data" hidden="false">
			<node name="tag" reader="UCHAR" />
			<node name="object_id" reader="UINT" />
			<node name="drop_type" reader="UCHAR" />
			<node name="drop_anim_type" reader="UCHAR" />
			<node name="drop_radius" reader="UCHAR" />
			<node name="drop_height" reader="UCHAR" />
			<node name="drop_texture" reader="UINT" />
			<for name="drop_texture" size="#drop_texture">
				<node name="drop_mesh" reader="MAP_INT" />
				<node name="drop_texture2" reader="UINT" />
				<for name="drop_texture2" size="#drop_texture2">
					<node name="drop_tex1" reader="MAP_INT" />
				</for>
				<node name="drop_texture3" reader="MAP_INT" />
				<node name="drop_texture4" reader="MAP_INT" />
			</for>
			<wrapper name="icon">
				<node name="icon1" reader="MAP_INT" />
				<node name="icon2" reader="MAP_INT" />
				<node name="icon3" reader="MAP_INT" />
				<node name="icon4" reader="MAP_INT" />
				<node name="icon5" reader="MAP_INT" />
			</wrapper>
			<node name="durability" reader="SHORT" />
			<node name="weight" reader="SHORT" />
			<node name="material_type" reader="UCHAR" enumName="material_type" />
			<node name="crystallizable" reader="UCHAR" />
			<node name="related_quest_id" reader="UCHAR" />
			<for name="related_quest_id" size="#related_quest_id">
				<node name="quest_id" reader="SHORT" />
				<node name="quest_unk" reader="SHORT" />
			</for>
			<node name="color" reader="UCHAR" />
			<node name="is_attribution" reader="UCHAR" />
			<node name="icon_panel" reader="MAP_INT" />
			<node name="complete_item_dropsound_type" reader="MAP_INT" />
			<node name="inventory_type" reader="UCHAR" enumName="inventory_type" />
			<node name="body_part" reader="UCHAR" enumName="bodypart_v2_type" />
			<node name="handness" reader="UCHAR" />
			<wrapper name="wp_mesh">
				<node name="mesh" reader="UCHAR" />
				<for name="mesh_0_" size="#mesh">
					<node name="mesh0" reader="MAP_INT" />
				</for>
				<for name="mesh_1_" size="#mesh" skipWriteSize="true">
					<node name="mesh1" reader="UCHAR" />
				</for>
			</wrapper>
			<node name="texture" reader="UCHAR" />
			<for name="texture" size="#texture">
				<node name="texture0" reader="MAP_INT" />
			</for>
			<node name="item_sound" reader="UCHAR" />
			<for name="item_sound" size="#item_sound">
				<node name="item_sound0" reader="MAP_INT" />
			</for>
			<node name="drop_sound" reader="MAP_INT" />
			<node name="equip_sound" reader="MAP_INT" />
			<node name="effect" reader="MAP_INT" />
			<node name="random_damage" reader="UCHAR" />
			<node name="weapon_type" reader="UCHAR" enumName="item_weapon_v2_type" />
			<node name="crystal_type" reader="UCHAR" enumName="grade_type" />
			<node name="mp_consume" reader="UCHAR" />
			<node name="soulshot_count" reader="UCHAR" />
			<node name="spiritshot_count" reader="UCHAR" />
			<node name="curvature" reader="SHORT" />
			<node name="UNK_10" reader="UCHAR" />
			<node name="can_equip_hero" reader="UCHAR" />
			<node name="is_magic_weapon" reader="UCHAR" />
			<node name="ertheia_fist_scale" reader="FLOAT" />
			<node name="junk" reader="SHORT" />
			<node name="Enchanted" reader="UCHAR" />
			<for name="Enchanted" size="#Enchanted">
				<node name="EnchantedEffect" reader="MAP_INT" />
				<wrapper name="EnchantedEffectOffset">
					<node name="EnchantedEffectOffset1" reader="FLOAT" />
					<node name="EnchantedEffectOffset2" reader="FLOAT" />
					<node name="EnchantedEffectOffset3" reader="FLOAT" />
				</wrapper>
				<wrapper name="EnchantedMeshOffset">
					<node name="EnchantedMeshOffset1" reader="FLOAT" />
					<node name="EnchantedMeshOffset2" reader="FLOAT" />
					<node name="EnchantedMeshOffset3" reader="FLOAT" />
				</wrapper>
				<wrapper name="EnchantedMeshScale">
					<node name="EnchantedMeshScale1" reader="FLOAT" />
					<node name="EnchantedMeshScale2" reader="FLOAT" />
					<node name="EnchantedMeshScale3" reader="FLOAT" />
				</wrapper>
				<node name="EnchantedEffectVelocity" reader="FLOAT" />
				<node name="EnchantedParticleScale" reader="FLOAT" />
				<node name="EnchantedEffectScale" reader="FLOAT" />
				<wrapper name="EnchantedParticleOffset">
					<node name="param_EnchantedParticleOffset1" reader="FLOAT" />
					<node name="param_EnchantedParticleOffset2" reader="FLOAT" />
					<node name="param_EnchantedParticleOffset3" reader="FLOAT" />
				</wrapper>
				<wrapper name="EnchantedRingOffset">
					<node name="param_EnchantedRingOffset1" reader="FLOAT" />
					<node name="param_EnchantedRingOffset2" reader="FLOAT" />
					<node name="param_EnchantedRingOffset3" reader="FLOAT" />
				</wrapper>
				<wrapper name="EnchantedRingScale">
					<node name="param_EnchantedRingScale1" reader="FLOAT" />
					<node name="param_EnchantedRingScale2" reader="FLOAT" />
					<node name="param_EnchantedRingScale3" reader="FLOAT" />
				</wrapper>
			</for>
			<wrapper name="variation_effect_type">
				<node name="param_variation_effect_type1" reader="UCHAR" />
				<node name="param_variation_effect_type2" reader="UCHAR" />
				<node name="param_variation_effect_type3" reader="UCHAR" />
				<node name="param_variation_effect_type4" reader="UCHAR" />
				<node name="param_variation_effect_type5" reader="UCHAR" />
				<node name="param_variation_effect_type6" reader="UCHAR" />
			</wrapper>
			<node name="variation_icon" reader="UCHAR" />
			<for name="variation_icon" size="#variation_icon">
				<node name="param_variation_icon" reader="MAP_INT" />
			</for>
			<wrapper name="ensoul_slot_count">
				<node name="normal_ensoul_count" reader="UCHAR" />
				<node name="special_ensoul_count" reader="UCHAR" />
			</wrapper>
		</for>
	</file>
</list>
