<?xml version="1.0" encoding="UTF-8"?>
<list name="HighFive">
	<link pattern="ActionName-[\w]+\.dat" file="actionname" version="ScionsOfDestiny" />
	<link pattern="AdditionalEffect.dat" file="additionaleffect" version="HighFive" />
	<link pattern="AdditionalItemgrp.dat" file="additionalitemgrp" version="HighFive" />
	<link pattern="armorgrp.dat" file="armorgrp" version="Epilogue" />
	<link pattern="castlename-[\w]+\.dat" file="castlename" version="Epilogue" />
	<link pattern="charcreategrp.dat" file="charcreategrp" version="Epilogue" />
	<link pattern="chargrp.dat" file="chargrp" version="HighFive" />
	<link pattern="classinfo-[\w]+\.dat" file="classinfo" version="ScionsOfDestiny" />
	<link pattern="commandname-[\w]+\.dat" file="commandname" version="HighFive" />
	<link pattern="creditgrp-[\w]+\.dat" file="credit" version="ScionsOfDestiny" />
	<link pattern="EnterEventgrp.dat" file="entereventgrp" version="ScionsOfDestiny" />
	<link pattern="etcitemgrp.dat" file="etcitemgrp" version="Epilogue" />
	<link pattern="eula-[\w]+\.dat" file="eula" version="Interlude" />
	<link pattern="exceptionminimapdata.dat" file="exceptionminimapdata" version="HighFive" />
	<link pattern="gametip-[\w]+\.dat" file="gametip" version="ScionsOfDestiny" />
	<link pattern="goodsicon.dat" file="goodsicon" version="HighFive" />
	<link pattern="hairaccessorylocgrp.dat" file="hairaccessorylocgrp" version="ScionsOfDestiny" />
	<link pattern="hennagrp-[\w]+\.dat" file="hennagrp" version="ScionsOfDestiny" />
	<link pattern="huntingzone-[\w]+\.dat" file="huntingzone" version="ScionsOfDestiny" />
	<link pattern="instantzonedata-[\w]+\.dat" file="instantzonedata" version="Epilogue" />
	<link pattern="itemname-[\w]+\.dat" file="itemname" version="HighFive" />
	<link pattern="logongrp.dat" file="logongrp" version="Epilogue" />
	<link pattern="mantleexception.dat" file="mantleexception" version="HighFive" />
	<link pattern="mobskillanimgrp.dat" file="mobskillanimgrp" version="ScionsOfDestiny" />
	<link pattern="musicinfo.dat" file="musicinfo" version="ScionsOfDestiny" />
	<link pattern="npcgrp\.dat" file="npcgrp" version="HighFive" />
	<link pattern="npcname-[\w]+\.dat" file="npcname" version="ScionsOfDestiny" />
	<link pattern="npcstring-[\w]+\.dat" file="npcstring" version="HighFive" />
	<link pattern="obscene-[\w]+\.dat" file="obscene" version="ScionsOfDestiny" />
	<link pattern="optiondata_client-[\w]+\.dat" file="optiondata_client" version="ScionsOfDestiny" />
	<link pattern="posteffectdata.dat" file="posteffectdata" version="HighFive" />
	<link pattern="ProductName-[\w]+\.dat" file="productname" version="Epilogue" />
	<link pattern="QuestName-[\w]+\.dat" file="questname" version="HighFive" />
	<link pattern="RaidData-[\w]+\.dat" file="raiddata" version="ScionsOfDestiny" />
	<link pattern="recipe-c.dat" file="recipe-c" version="Epilogue" />
	<link pattern="ridedata.dat" file="ridedata" version="Epilogue" />
	<link pattern="sceneplayerdata.dat" file="sceneplayerdata" version="Epilogue" />
	<link pattern="servername-[\w]+\.dat" file="servername" version="Interlude" />
	<link pattern="shortcutalias.dat" file="shortcutalias" version="Epilogue" />
	<link pattern="skillgrp.dat" file="skillgrp" version="HighFive" />
	<link pattern="SkillName-[\w]+\.dat" file="skillname" version="ScionsOfDestiny" />
	<link pattern="SkillSoundgrp.dat" file="skillsoundgrp" version="Epilogue" />
	<link pattern="skillsoundsource.dat" file="skillsoundsource" version="HighFive" />
	<link pattern="staticobject-[\w]+\.dat" file="staticobject" version="ScionsOfDestiny" />
	<link pattern="symbolname-[\w]+\.dat" file="symbolname" version="ScionsOfDestiny" />
	<link pattern="sysstring-[\w]+\.dat" file="sysstring" version="ScionsOfDestiny" />
	<link pattern="systemmsg-[\w]+\.dat" file="systemmsg" version="Interlude" />
	<link pattern="transformdata.dat" file="transformdata" version="Epilogue" />
	<link pattern="variationeffectgrp-[\w]+\.dat" file="variationeffectgrp" version="Interlude" />
	<link pattern="vehiclepartsgrp.dat" file="vehiclepartsgrp" version="Epilogue" />
	<link pattern="weapongrp.dat" file="weapongrp" version="Epilogue" />
	<link pattern="ZoneName-[\w]+\.dat" file="zonename" version="Epilogue" />
</list>
