<?xml version="1.0" encoding="UTF-8"?>
<list name="Essence 502p - Guardians">
	<link pattern="24hzSchema.dat" file="24hzschema" version="Awakening" />
	<link pattern="Ability.dat" file="ability" version="Valiance" />
	<link pattern="AbilityPoint.dat" file="abilitypoint" version="Valiance" />
	<link pattern="AbnormalAgathion.dat" file="abnormalagathion" version="PreludeOfWar" />
	<link pattern="AbnormalDefaultEffect(_Classic(Aden)?)?.dat" file="abnormaldefaulteffect" version="Superion" />
	<link pattern="AbnormalEdgeEffectData\.dat" file="abnormaledgeeffectdata" version="MasterClass2" />
	<link pattern="AbnormalRelationEffect.dat" file="abnormalrelationeffect" version="PathOfRogue" />
	<link pattern="ActionName(_Classic(Aden)?)?-[\w]+\.dat" file="actionname" version="PreludeOfWar3" />
	<link pattern="AdditionalEffect(_Classic)?.dat" file="additionaleffect" version="TheSourceOfFlame" />
	<link pattern="AdditionalItemGrp(_Classic(Aden)?)?.dat" file="additionalitemgrp" version="Helios" />
	<link pattern="AdditionalJewelEquipEffect(_Classic(Aden)?)?.dat" file="additionaljewelequipeffect" version="Valiance" />
	<link pattern="AdditionalNpcGrpParts(_Classic(Aden)?)?.dat" file="additionalnpcgrpparts" version="TheSourceOfFlame" />
	<link pattern="AdditionalSoulshotEffect(_Classic(Aden)?)?.dat" file="additionalsoulshoteffect" version="MasterClass3" />
	<link pattern="agathiondata(_Classic(Aden)?)?.dat" file="agathiondata" version="Salvation" />
	<link pattern="AlchemyData.dat" file="alchemydata" version="Ertheia" />
	<link pattern="AlterSkillData.dat" file="alterskilldata" version="Awakening" />
	<link pattern="AnimationCombo(_Classic)?.dat" file="animationcombo" version="Helios" />
	<link pattern="ArmorGradeEffectSet.dat" file="armorgradeeffectset" version="PreludeOfWar3" />
	<link pattern="ArmorGradeLookChange.dat" file="armorgradelookchange" version="MasterClass3" />
	<link pattern="Armorgrp(_Classic(Aden)?)?.dat" file="armorgrp" version="PathOfRogue" />
	<link pattern="ArtifactData.dat" file="artifactdata" version="EtinasFate" />
	<link pattern="ArtifactEnchantSetting.dat" file="artifactenchantsetting" version="EtinasFate" />
	<link pattern="ArtifactTypeSetting.dat" file="artifacttypesetting" version="PreludeOfWar" />
	<link pattern="ArtifactUpgrade.dat" file="artifactupgrade" version="EtinasFate" />
	<link pattern="BlessOption(_Classic(Aden)?)?.dat" file="blessoption" version="MasterClass3" />
	<link pattern="CardCollectData(_Classic)?-[\w]+\.dat" file="cardcollectdata" version="EtinasFate" />
	<link pattern="cardselect(_Classic(Aden)?)?.dat" file="cardselect" version="Shinemaker" />
	<link pattern="cardselect_stage(_Classic)?-[\w]+\.dat" file="cardselect_stage" version="Superion" />
	<link pattern="Castlename(_Classic)?-[\w]+\.dat" file="castlename" version="GrandCrusade" />
	<link pattern="CharacterAbility(_Classic(Aden)?)?-[\w]+\.dat" file="characterability" version="MasterClass" />
	<link pattern="CharacterInitialStatExData.dat" file="characterinitialstatexdata" version="Salvation" />
	<link pattern="Charcreategrp(_Classic)?.dat" file="charcreategrp" version="PathOfRogue" />
	<link pattern="Chargrp(_Classic)?.dat" file="chargrp" version="PathOfRogue" />
	<link pattern="CharHeadExgrp.dat" file="charheadexgrp" version="MasterClass3" />
	<link pattern="ClassInfo(_Classic(Aden)?)?-[\w]+\.dat" file="classinfo" version="GrandCrusade" />
	<link pattern="ClassTree(_Classic)?.dat" file="classtree" version="PreludeOfWar" />
	<link pattern="ClassTreeDesc(_Classic)?-[\w]+\.dat" file="classtreedesc" version="PreludeOfWar" />
	<link pattern="collection(_Classic(Aden)?)?-[\w]+\.dat" file="collection" version="Superion" />
	<link pattern="collectionmain(_Classic(Aden)?)?.dat" file="collectionmain" version="AgeOfMagic" />
	<link pattern="colorexgrp.dat" file="colorexgrp" version="Valiance" />
	<link pattern="colorExName-[\w]+\.dat" file="colorexname" version="Helios" />
	<link pattern="CombinationItemData(_Classic(Aden)?)?.dat" file="combinationitemdata" version="ShieldOfKingdom" />
	<link pattern="Commandname(_Classic(Aden)?)?-[\w]+\.dat" file="commandname" version="HighFive" />
	<link pattern="CommonLook(_Classic(Aden)?)?.dat" file="commonlook" version="ReturnOfTheQueenAnt" />
	<link pattern="Costume_Classic.dat" file="costume" version="Fafurion" />
	<link pattern="Costume_Collection_Classic.dat" file="costumecollection" version="Fafurion" />
	<link pattern="Costume_CollectionBonus_Classic.dat" file="costumecollectionbonusclassic" version="Fafurion" />
	<link pattern="Credit-[\w]+\.dat" file="credit" version="PreludeOfWar3" />
	<link pattern="CubicEffectData.dat" file="cubiceffectdata" version="Salvation" />
	<link pattern="DeathKnightCloakItem_Classic.dat" file="deathknightcloak" version="MasterClass" />
	<link pattern="DecoNPCData_client.dat" file="deconpcdata_client" version="Helios" />
	<link pattern="DethroneDailyMission-[\w]+\.dat" file="dethronedailymission" version="TheSourceOfFlame" />
	<link pattern="DethroneDistrictName-[\w]+\.dat" file="dethronedistrictname" version="MasterClass" />
	<link pattern="DethroneShop.dat" file="dethroneshop" version="TheSourceOfFlame" />
	<link pattern="DualCastTypeData.dat" file="dualcasttypedata" version="Helios" />
	<link pattern="dyecombination(_Classic(Aden)?)?.dat" file="dyecombination" version="MasterClass" />
	<link pattern="DyeEffect.dat" file="dyeeffect" version="Superion" />
	<link pattern="dyepotential_Classic(Aden)?-[\w]+\.dat" file="dyepotential" version="MasterClass" />
	<link pattern="dyepotential_exp_Classic(Aden)?.dat" file="dyepotentialexp" version="MasterClass" />
	<link pattern="dyepotential_fee_Classic(Aden)?.dat" file="dyepotentialfee" version="Superion" />
	<link pattern="dyepotential_slot_fee_Classic(Aden)?.dat" file="dyepotentialslotfee" version="Superion" />
	<link pattern="dynamiccontentsname-[\w]+\.dat" file="dynamiccontentsname" version="Lindvior" />
	<link pattern="ElementalSpirit_Classic.dat" file="elementalspirit" version="PreludeOfWar2" />
	<link pattern="ElementalSpiritStat_Classic.dat" file="elementalspiritstat" version="Salvation" />
	<link pattern="EnchantChallengePoint(_Classic(Aden)?)?.dat" file="enchantchallengepoint" version="MasterClass2" />
	<link pattern="EnchantedCloakEffectData_Classic.dat" file="enchantedcloakeffect" version="MasterClass" />
	<link pattern="EnchantedItemSkills(_Classic(Aden)?)?-[\w]+\.dat" file="enchanteditemskills" version="MasterClass2" />
	<link pattern="EnchantedWeaponFlowEffectData(_Classic(Aden)?)?.dat" file="enchantedweaponfloweffectdata" version="ShieldOfKingdom" />
	<link pattern="EnchantedHairEffectData(_Classic(Aden)?)?.dat" file="EnchantedHairEffectData" version="PathOfRogue" />
	<link pattern="EnchantScrollSet(_Classic(Aden)?)?.dat" file="enchantscrollset" version="AgeOfMagic" />
	<link pattern="EnchantStatBonus(_Classic(Aden)?)?.dat" file="enchantstatbonus" version="Ertheia" />
	<link pattern="EnchantValidate(_Classic(Aden)?)?.dat" file="enchantvalidate" version="MasterClass2" />
	<link pattern="EnchantValidateExItem(_Classic(Aden)?)?.dat" file="enchantvalidateexitem" version="MasterClass2" />
	<link pattern="ensoul_fee_client(_Classic)?.dat" file="ensoul_fee_client" version="Helios" />
	<link pattern="ensoul_option_client(_Classic(Aden)?)?-[\w]+\.dat" file="ensoul_option_client" version="Helios" />
	<link pattern="ensoul_stone_client(_Classic(Aden)?)?.dat" file="ensoul_stone_client" version="MasterClass2" />
	<link pattern="EnterEventgrp(_Classic)?.dat" file="entereventgrp" version="Superion" />
	<link pattern="EtcItemgrp(_Classic(Aden)?)?.dat" file="etcitemgrp" version="Shinemaker" />
	<link pattern="EtcStatusData.dat" file="etcstatusdata" version="PreludeOfWar3" />
	<link pattern="eula-[\w]+\.dat" file="eula" version="Interlude" />
	<link pattern="EventAlarmList(_Classic)?-[\w]+\.dat" file="eventalarmlist" version="GrandCrusade" />
	<link pattern="EventContentsGoalName-[\w]+\.dat" file="eventcontentsgoalname" version="Lindvior" />
	<link pattern="EventContentsName-[\w]+\.dat" file="eventcontentsname" version="Lindvior" />
	<link pattern="EventHtml(_Classic(Aden)?)?-[\w]+\.dat" file="eventhtml" version="MasterClass" />
	<link pattern="EventLookChange.dat" file="eventlookchange" version="TheSourceOfFlame" />
	<link pattern="ExceptionMinimapData(_Classic(Aden)?)?.dat" file="exceptionminimapdata" version="Lindvior" />
	<link pattern="faceexgrp.dat" file="faceexgrp" version="PathOfRogue" />
	<link pattern="faceExName-[\w]+\.dat" file="faceexname" version="Helios" />
	<link pattern="FactionName-[\w]+\.dat" file="factionname" version="GrandCrusade" />
	<link pattern="FlashConfig.dat" file="flashconfig" version="Awakening" />
	<link pattern="flymovename(_Classic)?-[\w]+\.dat" file="flymovename" version="Awakening" />
	<link pattern="FullArmorEnchantEffectData.dat" file="fullarmorenchanteffectdata" version="Valiance" />
	<link pattern="GameDataBase(_Classic)?-[\w]+\.dat" file="gamedatabase" version="Helios" />
	<link pattern="GamePlayData(_Classic)?\.dat" file="gameplaydata" version="Superion" />
	<link pattern="GamePlayData_ClassicAden\.dat" file="gameplaydata" version="Superion_Essence" />
	<link pattern="GameTip(_Classic)?-[\w]+\.dat" file="gametip" version="Helios" />
	<link pattern="GCShop(_Classic(Aden)?)?.dat" file="gcshop" version="PreludeOfWar2" />
	<link pattern="GeneralEffectName.dat" file="generaleffectname" version="PreludeOfWar3" />
	<link pattern="goodsicon.dat" file="goodsicon" version="Helios" />
	<link pattern="Hairaccessorylocgrp(_Classic)?.dat" file="hairaccessorylocgrp" version="Helios" />
	<link pattern="hairexgrp.dat" file="hairexgrp" version="PathOfRogue" />
	<link pattern="hairExName-[\w]+\.dat" file="hairexname" version="Helios" />
	<link pattern="Hennagrp(_Classic(Aden)?)?-[\w]+\.dat" file="hennagrp" version="AgeOfMagic" />
	<link pattern="Hero_Book.dat" file="herobook" version="ShieldOfKingdom" />
	<link pattern="HomunCreate.dat" file="homuncreate" version="PathOfRogue" />
	<link pattern="HomunEnchant.dat" file="homunenchant" version="Homunculus" />
	<link pattern="HomunList.dat" file="homunlist" version="ReturnOfTheQueenAnt" />
	<link pattern="HomunNpc.dat" file="homunnpc" version="PathOfRogue" />
	<link pattern="HomunNpcLevel.dat" file="homunnpclevel" version="Homunculus" />
	<link pattern="homunslot.dat" file="homunslot" version="ReturnOfTheQueenAnt" />
	<link pattern="HuntingZone(_Classic(Aden)?)?-[\w]+\.dat" file="huntingzone" version="MasterClass" />
	<link pattern="InstantZoneData(_Classic(Aden)?)?-[\w]+\.dat" file="instantzonedata" version="Epilogue" />
	<link pattern="inventory_effect(_Classic(Aden)?)?\.dat" file="inventoryeffect" version="Superion" />
	<link pattern="item_baseinfo(_Classic(Aden)?)?.dat" file="item_baseinfo" version="MasterClass3" />
	<link pattern="ItemMultisell(_Classic(Aden)?)?-[\w]+\.dat" file="itemmultisell" version="TheSourceOfFlame" />
	<link pattern="ItemName(_Classic(Aden)?)?-[\w]+\.dat" file="itemname" version="ShieldOfKingdom" />
	<link pattern="ItemScore(_Classic(Aden)?)?.dat" file="itemscore" version="Superion" />
	<link pattern="ItemStatData(_Classic(Aden)?)?.dat" file="itemstatdata" version="MasterClass2" />
	<link pattern="ItemUseFilter(_Classic(Aden)?)?.dat" file="itemusefilter" version="Homunculus2" />
	<link pattern="L2GameDataName.dat" file="l2gamedataname" version="Helios" />
	<link pattern="L2PassAdvance(_Classic(Aden)?)?-[\w]+\.dat" file="l2passadvance" version="MasterClass" />
	<link pattern="L2PassReward(_Classic(Aden)?)?.dat" file="l2passreward" version="TheSourceOfFlame" />
	<link pattern="LCoinShopBanner(_Classic(Aden)?)?.dat" file="lcoinshopbanner" version="TheSourceOfFlame" />
	<link pattern="LCoinShopCategory_Classic.dat" file="lcoinshopcategory" version="PathOfRogue_Classic" />
	<link pattern="LCoinShopCategory_ClassicAden.dat" file="lcoinshopcategory" version="PathOfRogue_Essence" />
	<link pattern="LCoinShopProduct(_Classic(Aden)?)?-[\w]+\.dat" file="lcoinshopproduct" version="ShieldOfKingdom" />
	<link pattern="LetterCollectData(_Classic(Aden)?)?.dat" file="lettercollectdata" version="PreludeOfWar2" />
	<link pattern="LevelAmbience(_Classic(Aden)?)?.dat" file="levelambience" version="PathOfRogue" />
	<link pattern="LevelUpItemBonusData(_Classic(Aden)?)?.dat" file="levelupitembonusdata" version="PreludeOfWar3" />
	<link pattern="LinkedAnimData.dat" file="linkedanimdata" version="PreludeOfWar3" />
	<link pattern="Localize(_Classic(Aden)?)?.dat" file="localize" version="PreludeOfWar3" />
	<link pattern="Logongrp(_Classic(Aden)?)?.dat" file="logongrp" version="PathOfRogue" />
	<link pattern="LollyCubeData.dat" file="lollycubedata" version="Ertheia" />
	<link pattern="mable_game(_Classic(Aden)?)?-[\w]+\.dat" file="mable_game" version="Homunculus" />
	<link pattern="mable_game_event(_Classic(Aden)?)?-[\w]+\.dat" file="mable_game_event" version="Homunculus" />
	<link pattern="mantleexception.dat" file="mantleexception" version="Helios" />
	<link pattern="MinimapRegion(_Classic(Aden)?)?.dat" file="minimapregion" version="PathOfRogue" />
	<link pattern="MissionLevel(_Classic(Aden)?)?.dat" file="missionlevel" version="PathOfRogue" />
	<link pattern="MobSkillAnimgrp(_Classic(Aden)?)?.dat" file="mobskillanimgrp" version="Helios" />
	<link pattern="MonsterBook_client.dat" file="monsterbook_client" version="GrandCrusade" />
	<link pattern="MSAffectData(_Classic(Aden)?)?.dat" file="msaffectdata" version="TheSourceOfFlame" />
	<link pattern="MSConditionData(_Classic(Aden)?)?.dat" file="msconditiondata" version="Shinemaker" />
	<link pattern="MusicInfo(_Classic)?.dat" file="musicinfo" version="Helios" />
	<link pattern="NewQuestData(_Classic(Aden)?)?-[\w]+\.dat" file="newquestdata" version="AgeOfMagic" />
	<link pattern="NewQuestDialog(_Classic(Aden)?)?-[\w]+\.dat" file="newquestdialog" version="TheSourceOfFlame" />
	<link pattern="NewQuestNpcPortrait_Classic(Aden)?.dat" file="newquestnpcportrait" version="TheSourceOfFlame" />
	<link pattern="NickNameItem(_Classic(Aden)?)?.dat" file="nicknameitem" version="MasterClass" />
	<link pattern="NonAttackingSkillAnim.dat" file="nonattackingskillanim" version="ReturnOfTheQueenAnt" />
	<link pattern="Npcgrp(_Classic(Aden)?)?.dat" file="npcgrp" version="GrandCrusade" />
	<link pattern="NpcName(_Classic(Aden)?)?-[\w]+\.dat" file="npcname" version="ScionsOfDestiny" />
	<link pattern="NpcString(_Classic)?-[\w]+\.dat" file="npcstring" version="HighFive" />
	<link pattern="NPCTeleporter(_Classic)?.dat" file="npcteleporter" version="Ertheia" />
	<link pattern="nservice_topping_buff(_Classic)?.dat" file="nservice_topping_buff" version="Helios" />
	<link pattern="obscene-[\w]+\.dat" file="obscene" version="ScionsOfDestiny" />
	<link pattern="OneDayReward(_Classic(Aden)?)?-[\w]+\.dat" file="onedayreward" version="PathOfRogue" />
	<link pattern="optiondata_client(_Classic(Aden)?)?-[\w]+\.dat" file="optiondata_client" version="ScionsOfDestiny" />
	<link pattern="PawnAnimData(_Classic)?.dat" file="pawnanimdata" version="Helios" />
	<link pattern="Pet_Extract(_Classic(Aden)?)?.dat" file="petextract" version="Homunculus2" />
	<link pattern="PetAcquireSkill(_Classic(Aden)?)?.dat" file="petacquireskill" version="Superion" />
	<link pattern="PetAction_Classic(Aden)?.dat" file="petaction" version="Homunculus" />
	<link pattern="PetEvolve_Classic(Aden)?.dat" file="petevolve" version="Homunculus" />
	<link pattern="PetLook_Classic(Aden)?-[\w]+\.dat" file="petlook" version="Homunculus" />
	<link pattern="PetName_Classic(Aden)?-[\w]+\.dat" file="petname" version="Homunculus" />
	<link pattern="PetRaceEmblem_Classic(Aden)?-[\w]+\.dat" file="petraceemblem" version="Superion" />
	<link pattern="PIAgreement-[\w]+\.dat" file="piagreement" version="Valiance" />
	<link pattern="PledgeCrestPreset_Classic(Aden)?.dat" file="pledgecrestpreset" version="TheSourceOfFlame" />
	<link pattern="PledgeLevel(_Classic(Aden)?)?-[\w]+\.dat" file="pledgelevel" version="MasterClass" />
	<link pattern="PledgeLevelDesc-[\w]+\.dat" file="pledgeleveldesc" version="Salvation" />
	<link pattern="PledgeMasteryInfo-[\w]+\.dat" file="pledgemasteryinfo" version="Salvation" />
	<link pattern="PledgeMission-[\w]+\.dat" file="pledgemission" version="Salvation" />
	<link pattern="PledgeShopProduct(_Classic(Aden)?)?-[\w]+\.dat" file="pledgeshopproduct" version="Shinemaker" />
	<link pattern="PopupEvent(_Classic(Aden)?)?.dat" file="popupevent" version="PathOfRogue" />
	<link pattern="posteffectdata.dat" file="posteffectdata" version="Helios" />
	<link pattern="PrisonData.dat" file="prisondata" version="MasterClass3" />
	<link pattern="ProductName(_Classic(Aden)?)?-[\w]+\.dat" file="productname" version="Helios" />
	<link pattern="PurchaseLimitCraft(_Classic(Aden)?)?-[\w]+\.dat" file="purchaselimitcraft" version="ShieldOfKingdom" />
	<link pattern="PurchaseLimitCraftCategory(_Classic(Aden)?)?.dat" file="purchaselimitcraftcategory" version="PathOfRogue" />
	<link pattern="PvpbookRequiredItem(_Classic(Aden)?)?.dat" file="pvpbookrequireditem" version="PreludeOfWar2" />
	<link pattern="QuestMarkConditionData(_Classic)?.dat" file="questmarkconditiondata" version="Awakening" />
	<link pattern="QuestName(_Classic(Aden)?)?-[\w]+\.dat" file="questname" version="Fafurion" />
	<link pattern="RaidData(_Classic(Aden)?)?.dat" file="raiddata" version="PreludeOfWar3" />
	<link pattern="Ranking_inzonedata_Classic.dat" file="rankinginzonedata" version="AgeOfMagic" />
	<link pattern="RankingSystemData(_Classic(Aden)?)?.dat" file="rankingsystemdata" version="PreludeOfWar2" />
	<link pattern="Recipe(_Classic(Aden)?)?.dat" file="recipe" version="Ertheia" />
	<link pattern="recipe-c.dat" file="recipe-c" version="Lindvior" />
	<link pattern="recoverycoupon(_Classic(Aden)?)?\.dat" file="recoverycoupon" version="Superion" />
	<link pattern="relics_collection(_Classic(Aden)?)?-[\w]+\.dat" file="relicscollection" version="Superion" />
	<link pattern="relics_main(_Classic(Aden)?)?.dat" file="relicsmain" version="Superion" />
	<link pattern="relics_playdata(_Classic(Aden)?)?.dat" file="relicsplaydata" version="Superion" />
	<link pattern="ReplaceSkillIcon(_Classic(Aden)?)?.dat" file="replaceskillicon" version="AgeOfMagic" />
	<link pattern="RideData(_Classic(Aden)?)?.dat" file="ridedata" version="PathOfRogue" />
	<link pattern="sceneplayerdata.dat" file="sceneplayerdata" version="Helios" />
	<link pattern="Server_Id_List(_Classic(Aden)?)?.dat" file="serveridlist" version="PathOfRogue" />
	<link pattern="servername-[\w]+\.dat" file="servername" version="MasterClass2" />
	<link pattern="SetItemGrp(_Classic(Aden)?)?-[\w]+\.dat" file="setitemgrp" version="Valiance" />
	<link pattern="ShortcutAlias(_Classic)?.dat" file="shortcutalias" version="Epilogue" />
	<link pattern="ShuttleData(_Classic)?.dat" file="shuttledata" version="Helios" />
	<link pattern="SkillAcquire(_Classic(Aden)?)?.dat" file="skillacquire" version="AgeOfMagic" />
	<link pattern="SkillEnchantCharge(_Classic(Aden)?)?.dat" file="skillenchantcharge" version="PathOfRogue" />
	<link pattern="SkillEnchantSetting(_Classic(Aden)?)?.dat" file="SkillEnchantSetting" version="PathOfRogue" />
	<link pattern="Skillgrp(_Classic(Aden)?)?.dat" file="skillgrp" version="Shinemaker" />
	<link pattern="SkillName(_Classic(Aden)?)?-[\w]+\.dat" file="skillname" version="AgeOfMagic" />
	<link pattern="SkillSoundgrp(_Classic(Aden)?)?.dat" file="skillsoundgrp" version="Superion" />
	<link pattern="SkillSoundSource(_Classic(Aden)?)?.dat" file="skillsoundsource" version="HighFive" />
	<link pattern="StatBonusName(_Classic(Aden)?)?-[\w]+\.dat" file="statbonusname" version="Homunculus" />
	<link pattern="StatBonusReset(_Classic(Aden)?)?.dat" file="statbonusreset" version="Homunculus2" />
	<link pattern="StaticObject(_Classic)?-[\w]+\.dat" file="staticobject" version="Helios" />
	<link pattern="statisticname-[\w]+\.dat" file="statisticname" version="Valiance" />
	<link pattern="SteadyBox_Classic(Aden)?-[\w]+\.dat" file="steadybox" version="Homunculus2" />
	<link pattern="storeurl(_Classic(Aden)?)?\.dat" file="storeurl" version="Superion" />
	<link pattern="Subjugation_Classic(Aden)?-[\w]+\.dat" file="subjugation" version="ReturnOfTheQueenAnt" />
	<link pattern="Symbolname(_Classic)?-[\w]+\.dat" file="symbolname" version="ScionsOfDestiny" />
	<link pattern="SysString(_Classic)?-[\w]+\.dat" file="sysstring" version="ScionsOfDestiny" />
	<link pattern="SystemMsg(_Classic)?-[\w]+\.dat" file="systemmsg" version="TheSourceOfFlame" />
	<link pattern="teleportlist(_Classic(Aden)?)?.dat" file="teleportlist" version="Superion" />
	<link pattern="TimeZoneData(_Classic(Aden)?)?-[\w]+\.dat" file="timezonedata" version="PathOfRogue" />
	<link pattern="TransformData(_Classic(Aden)?)?.dat" file="transformdata" version="Helios" />
	<link pattern="TutorialName(_Classic)?-[\w]+\.dat" file="tutorialname" version="Salvation" />
	<link pattern="UpgradeSystem(_Classic)?.dat" file="upgradesystem" version="EtinasFate" />
	<link pattern="UpgradeSystem_Normal(_Classic(Aden)?)?.dat" file="upgradesystem_normal" version="ShieldOfKingdom" />
	<link pattern="UseCountItem(_Classic(Aden)?)?.dat" file="usecountitem" version="Salvation" />
	<link pattern="usmmoviedata-[\w]+\.dat" file="usmmoviedata" version="Awakening" />
	<link pattern="variationdata_fee(_Classic(Aden)?)?.dat" file="variationdata_fee" version="ShieldOfKingdom" />
	<link pattern="variationdata_option(_Classic(Aden)?)?-[\w]+\.dat" file="variationdata_option" version="Superion" />
	<link pattern="variationdata_stone(_Classic(Aden)?)?.dat" file="variationdata_stone" version="Homunculus2" />
	<link pattern="variationarmoreffectgrp(_Classic(Aden)?)?.dat" file="variationarmoreffectgrp" version="Superion" />
	<link pattern="variationeffectgrp(_Classic)?-[\w]+\.dat" file="variationeffectgrp" version="GrandCrusade" />
	<link pattern="vehiclepartsgrp.dat" file="vehiclepartsgrp" version="Helios" />
	<link pattern="VirtualItemSystem.dat" file="virtualitemsystem" version="PathOfRogue" />
	<link pattern="warningnotice-[\w]+\.dat" file="warningnotice" version="Lindvior" />
	<link pattern="WeaponEnchantEffectData(_Classic(Aden)?)?.dat" file="weaponenchanteffectdata" version="Homunculus" />
	<link pattern="Weapongrp(_Classic(Aden)?)?.dat" file="weapongrp" version="Shinemaker" />
	<link pattern="WeaponGradeLookChange.dat" file="WeaponGradeLookChange" version="PathOfRogue" />
	<link pattern="WeaponLookChangeEffectGroup(_Classic(Aden)?)?.dat" file="weaponlookchangeeffectgroup" version="PathOfRogue" />
	<link pattern="WorldCastleWarMapData(_Classic(Aden)?)?.dat" file="worldcastlewarmapdata" version="MasterClass" />
	<link pattern="ZoneName(_Classic(Aden)?)?-[\w]+\.dat" file="zonename" version="MasterClass" />
</list>
